windspeed,date
1.627607786,2021-08-01 00:00:00
1.342226688,2021-08-01 01:00:00
1.394530978,2021-08-01 02:00:00
1.555236613,2021-08-01 03:00:00
1.271228348,2021-08-01 04:00:00
1.84681412,2021-08-01 05:00:00
1.403262182,2021-08-01 06:00:00
1.323295429,2021-08-01 07:00:00
1.922350993,2021-08-01 08:00:00
2.779734165,2021-08-01 09:00:00
3.211713452,2021-08-01 10:00:00
3.109772444,2021-08-01 11:00:00
3.027968877,2021-08-01 12:00:00
3.174719825,2021-08-01 13:00:00
3.30691818,2021-08-01 14:00:00
3.352266349,2021-08-01 15:00:00
2.855596495,2021-08-01 16:00:00
1.89875716,2021-08-01 17:00:00
1.752541418,2021-08-01 18:00:00
1.957451159,2021-08-01 19:00:00
2.037091393,2021-08-01 20:00:00
2.111851292,2021-08-01 21:00:00
2.484959289,2021-08-01 22:00:00
2.506377867,2021-08-01 23:00:00
2.046535216,2021-08-02 00:00:00
1.410056012,2021-08-02 01:00:00
1.627902589,2021-08-02 02:00:00
2.225247353,2021-08-02 03:00:00
2.687514551,2021-08-02 04:00:00
2.542993907,2021-08-02 05:00:00
2.84978581,2021-08-02 06:00:00
2.838217842,2021-08-02 07:00:00
3.21102235,2021-08-02 08:00:00
3.240774883,2021-08-02 09:00:00
3.287279839,2021-08-02 10:00:00
3.142165709,2021-08-02 11:00:00
2.920608593,2021-08-02 12:00:00
2.715669718,2021-08-02 13:00:00
2.665263115,2021-08-02 14:00:00
2.841517105,2021-08-02 15:00:00
2.606299539,2021-08-02 16:00:00
1.334945436,2021-08-02 17:00:00
2.672284025,2021-08-02 18:00:00
3.262944525,2021-08-02 19:00:00
3.355429654,2021-08-02 20:00:00
3.242893573,2021-08-02 21:00:00
2.873767403,2021-08-02 22:00:00
2.668447612,2021-08-02 23:00:00
2.718358455,2021-08-03 00:00:00
2.672815634,2021-08-03 01:00:00
2.685675439,2021-08-03 02:00:00
2.866366733,2021-08-03 03:00:00
3.061539856,2021-08-03 04:00:00
2.931291544,2021-08-03 05:00:00
3.532120258,2021-08-03 06:00:00
4.543236716,2021-08-03 07:00:00
4.631847212,2021-08-03 08:00:00
4.576216303,2021-08-03 09:00:00
4.759010544,2021-08-03 10:00:00
4.553955337,2021-08-03 11:00:00
4.574256707,2021-08-03 12:00:00
4.931336702,2021-08-03 13:00:00
4.316902048,2021-08-03 14:00:00
3.793608616,2021-08-03 15:00:00
4.116842136,2021-08-03 16:00:00
3.444055692,2021-08-03 17:00:00
3.283919316,2021-08-03 18:00:00
3.34348562,2021-08-03 19:00:00
3.255537355,2021-08-03 20:00:00
3.382305498,2021-08-03 21:00:00
3.051971327,2021-08-03 22:00:00
16.98294105921548,2021-08-03 23:00:00
3.250731042,2021-08-04 00:00:00
3.218321594,2021-08-04 01:00:00
2.989436906,2021-08-04 02:00:00
2.922955941,2021-08-04 03:00:00
2.978583412,2021-08-04 04:00:00
3.114438598,2021-08-04 05:00:00
3.273457967,2021-08-04 06:00:00
4.841263629,2021-08-04 07:00:00
5.136913834,2021-08-04 08:00:00
5.249565259,2021-08-04 09:00:00
5.235866013,2021-08-04 10:00:00
5.058020252,2021-08-04 11:00:00
5.033860256,2021-08-04 12:00:00
5.219993116,2021-08-04 13:00:00
5.29997222,2021-08-04 14:00:00
4.516523273,2021-08-04 15:00:00
4.745436841,2021-08-04 16:00:00
3.949988629,2021-08-04 17:00:00
3.838790344,2021-08-04 18:00:00
4.057507344,2021-08-04 19:00:00
4.45101306,2021-08-04 20:00:00
4.406679116,2021-08-04 21:00:00
4.007261713,2021-08-04 22:00:00
3.644957027,2021-08-04 23:00:00
2.8849392672093903e-11,2021-08-05 00:00:00
3.490107367,2021-08-05 01:00:00
3.297465388,2021-08-05 02:00:00
3.32742329,2021-08-05 03:00:00
3.309958219,2021-08-05 04:00:00
3.186964222,2021-08-05 05:00:00
3.438092879,2021-08-05 06:00:00
4.867338649,2021-08-05 07:00:00
4.517560642,2021-08-05 08:00:00
4.509523846,2021-08-05 09:00:00
4.366528478,2021-08-05 10:00:00
4.669891286,2021-08-05 11:00:00
4.805868413,2021-08-05 12:00:00
4.058768026,2021-08-05 13:00:00
4.169335094,2021-08-05 14:00:00
4.148563385,2021-08-05 15:00:00
3.501178993,2021-08-05 16:00:00
3.229502049,2021-08-05 17:00:00
3.234685934,2021-08-05 18:00:00
3.450894191,2021-08-05 19:00:00
3.600570374,2021-08-05 20:00:00
3.904464576,2021-08-05 21:00:00
3.837783172,2021-08-05 22:00:00
3.412583677,2021-08-05 23:00:00
3.599160063,2021-08-06 00:00:00
3.760657717,2021-08-06 01:00:00
3.28743803,2021-08-06 02:00:00
3.005053273,2021-08-06 03:00:00
2.923129495,2021-08-06 04:00:00
2.898237733,2021-08-06 05:00:00
3.050575738,2021-08-06 06:00:00
4.034261338,2021-08-06 07:00:00
3.683193674,2021-08-06 08:00:00
3.86832158,2021-08-06 09:00:00
3.993337276,2021-08-06 10:00:00
3.967250638,2021-08-06 11:00:00
4.000772178,2021-08-06 12:00:00
3.995903329,2021-08-06 13:00:00
4.041925842,2021-08-06 14:00:00
3.849291733,2021-08-06 15:00:00
3.064544023,2021-08-06 16:00:00
2.62357061,2021-08-06 17:00:00
3.910029161,2021-08-06 18:00:00
4.000828662,2021-08-06 19:00:00
3.17529742,2021-08-06 20:00:00
2.632991752,2021-08-06 21:00:00
2.792977691,2021-08-06 22:00:00
2.910893214,2021-08-06 23:00:00
2.595852721,2021-08-07 00:00:00
2.556926863,2021-08-07 01:00:00
2.647108251,2021-08-07 02:00:00
2.57630185,2021-08-07 03:00:00
2.787373387,2021-08-07 04:00:00
2.833122206,2021-08-07 05:00:00
3.241424012,2021-08-07 06:00:00
3.69604885,2021-08-07 07:00:00
3.598186472,2021-08-07 08:00:00
3.443553932,2021-08-07 09:00:00
3.328352209,2021-08-07 10:00:00
3.458936177,2021-08-07 11:00:00
3.358564672,2021-08-07 12:00:00
3.171995129,2021-08-07 13:00:00
2.984905185,2021-08-07 14:00:00
2.979619083,2021-08-07 15:00:00
2.524100449,2021-08-07 16:00:00
1.839347821,2021-08-07 17:00:00
2.393439919,2021-08-07 18:00:00
18.4607541903424,2021-08-07 19:00:00
2.780842395,2021-08-07 20:00:00
2.367813784,2021-08-07 21:00:00
1.966112984,2021-08-07 22:00:00
1.456491619,2021-08-07 23:00:00
1.266030627,2021-08-08 00:00:00
1.380027103,2021-08-08 01:00:00
1.414606153,2021-08-08 02:00:00
1.485838485,2021-08-08 03:00:00
1.827252085,2021-08-08 04:00:00
2.035327664,2021-08-08 05:00:00
1.943061635,2021-08-08 06:00:00
1.803549959,2021-08-08 07:00:00
1.594613497,2021-08-08 08:00:00
1.574594411,2021-08-08 09:00:00
1.857004787,2021-08-08 10:00:00
2.037995043,2021-08-08 11:00:00
1.978218884,2021-08-08 12:00:00
2.099431286,2021-08-08 13:00:00
2.214049789,2021-08-08 14:00:00
2.227807183,2021-08-08 15:00:00
2.005357284,2021-08-08 16:00:00
1.173077085,2021-08-08 17:00:00
2.007707631,2021-08-08 18:00:00
1.677491628,2021-08-08 19:00:00
1.704901799,2021-08-08 20:00:00
1.77300412,2021-08-08 21:00:00
1.974168096,2021-08-08 22:00:00
2.083400819,2021-08-08 23:00:00
2.19381036,2021-08-09 00:00:00
1.736716584,2021-08-09 01:00:00
1.578303089,2021-08-09 02:00:00
1.698485595,2021-08-09 03:00:00
2.072069396,2021-08-09 04:00:00
2.00819732,2021-08-09 05:00:00
1.867615731,2021-08-09 06:00:00
1.7239061,2021-08-09 07:00:00
2.085426682,2021-08-09 08:00:00
1.294801216,2021-08-09 09:00:00
1.010235544,2021-08-09 10:00:00
0.648270435,2021-08-09 11:00:00
1.430770962,2021-08-09 12:00:00
1.453528981,2021-08-09 13:00:00
1.623890375,2021-08-09 14:00:00
1.608888367,2021-08-09 15:00:00
1.599517564,2021-08-09 16:00:00
0.967633192,2021-08-09 17:00:00
1.375667457,2021-08-09 18:00:00
1.524877854,2021-08-09 19:00:00
16.5790481884096,2021-08-09 20:00:00
2.008728726,2021-08-09 21:00:00
2.171059874,2021-08-09 22:00:00
2.389117351,2021-08-09 23:00:00
2.282131634,2021-08-10 00:00:00
2.212706873,2021-08-10 01:00:00
2.33118912,2021-08-10 02:00:00
2.216149142,2021-08-10 03:00:00
2.161484261,2021-08-10 04:00:00
2.127963496,2021-08-10 05:00:00
2.078333816,2021-08-10 06:00:00
2.284672439,2021-08-10 07:00:00
2.468285269,2021-08-10 08:00:00
20.1067506643667,2021-08-10 09:00:00
3.233037734,2021-08-10 10:00:00
2.938385146,2021-08-10 11:00:00
3.201583766,2021-08-10 12:00:00
4.1436342,2021-08-10 13:00:00
4.09034095,2021-08-10 14:00:00
4.004111651,2021-08-10 15:00:00
3.75332121,2021-08-10 16:00:00
1.322608904,2021-08-10 17:00:00
1.813984198,2021-08-10 18:00:00
1.688213963,2021-08-10 19:00:00
1.890465003,2021-08-10 20:00:00
1.904442094,2021-08-10 21:00:00
1.983415335,2021-08-10 22:00:00
1.981011248,2021-08-10 23:00:00
2.042985729,2021-08-11 00:00:00
1.927035737,2021-08-11 01:00:00
1.971227138,2021-08-11 02:00:00
2.245837738,2021-08-11 03:00:00
2.599420764,2021-08-11 04:00:00
2.028924964,2021-08-11 05:00:00
2.378074928,2021-08-11 06:00:00
2.907344981,2021-08-11 07:00:00
2.396934363,2021-08-11 08:00:00
1.978545623,2021-08-11 09:00:00
1.859539061,2021-08-11 10:00:00
2.341595469,2021-08-11 11:00:00
2.303061794,2021-08-11 12:00:00
2.491492136,2021-08-11 13:00:00
2.735738132,2021-08-11 14:00:00
2.531095006,2021-08-11 15:00:00
2.127322089,2021-08-11 16:00:00
1.494001412,2021-08-11 17:00:00
2.33783268,2021-08-11 18:00:00
2.235530579,2021-08-11 19:00:00
2.177193841,2021-08-11 20:00:00
2.233708385,2021-08-11 21:00:00
2.223850011,2021-08-11 22:00:00
2.319574265,2021-08-11 23:00:00
2.389259723,2021-08-12 00:00:00
3.182964251,2021-08-12 01:00:00
3.604039092,2021-08-12 02:00:00
3.679073333,2021-08-12 03:00:00
3.691043039,2021-08-12 04:00:00
3.314166384,2021-08-12 05:00:00
3.280208767,2021-08-12 06:00:00
3.568105986,2021-08-12 07:00:00
4.067331838,2021-08-12 08:00:00
3.94644246,2021-08-12 09:00:00
3.672988895,2021-08-12 10:00:00
3.196843881,2021-08-12 11:00:00
3.195487135,2021-08-12 12:00:00
3.118635163,2021-08-12 13:00:00
3.088448634,2021-08-12 14:00:00
3.4415148,2021-08-12 15:00:00
3.472225411,2021-08-12 16:00:00
3.101265635,2021-08-12 17:00:00
2.6831845,2021-08-12 18:00:00
2.192997266,2021-08-12 19:00:00
2.511747171,2021-08-12 20:00:00
2.578269055,2021-08-12 21:00:00
3.064846508,2021-08-12 22:00:00
3.159000745,2021-08-12 23:00:00
3.49304617,2021-08-13 00:00:00
3.458259644,2021-08-13 01:00:00
3.010234907,2021-08-13 02:00:00
2.85994423,2021-08-13 03:00:00
3.139044196,2021-08-13 04:00:00
3.361178046,2021-08-13 05:00:00
3.925283725,2021-08-13 06:00:00
3.772020178,2021-08-13 07:00:00
4.964239507,2021-08-13 08:00:00
3.994785931,2021-08-13 09:00:00
3.904163998,2021-08-13 10:00:00
3.189083404,2021-08-13 11:00:00
3.29364995,2021-08-13 12:00:00
3.972961499,2021-08-13 13:00:00
4.283091998,2021-08-13 14:00:00
4.174491948,2021-08-13 15:00:00
3.77469423,2021-08-13 16:00:00
4.093330017,2021-08-13 17:00:00
4.051868194,2021-08-13 18:00:00
4.125577299,2021-08-13 19:00:00
4.173214349,2021-08-13 20:00:00
4.018819702,2021-08-13 21:00:00
3.539920971,2021-08-13 22:00:00
3.664935001,2021-08-13 23:00:00
3.800879183,2021-08-14 00:00:00
3.756759105,2021-08-14 01:00:00
3.634036073,2021-08-14 02:00:00
3.456717984,2021-08-14 03:00:00
3.513983605,2021-08-14 04:00:00
3.118219736,2021-08-14 05:00:00
3.267850491,2021-08-14 06:00:00
2.857851136,2021-08-14 07:00:00
3.689284853,2021-08-14 08:00:00
3.951875201,2021-08-14 09:00:00
3.568689858,2021-08-14 10:00:00
3.453300302,2021-08-14 11:00:00
3.732672599,2021-08-14 12:00:00
3.838700362,2021-08-14 13:00:00
3.418384233,2021-08-14 14:00:00
3.124806732,2021-08-14 15:00:00
2.211438441,2021-08-14 16:00:00
1.12486096,2021-08-14 17:00:00
1.184629277,2021-08-14 18:00:00
1.076842437,2021-08-14 19:00:00
1.28382587,2021-08-14 20:00:00
1.567528988,2021-08-14 21:00:00
2.05223165,2021-08-14 22:00:00
2.014458277,2021-08-14 23:00:00
1.845514018,2021-08-15 00:00:00
2.062072139,2021-08-15 01:00:00
2.400191997,2021-08-15 02:00:00
2.406331486,2021-08-15 03:00:00
2.34522901,2021-08-15 04:00:00
2.752602285,2021-08-15 05:00:00
2.852333871,2021-08-15 06:00:00
2.928884445,2021-08-15 07:00:00
2.980702512,2021-08-15 08:00:00
3.287694977,2021-08-15 09:00:00
3.760613819,2021-08-15 10:00:00
3.723646098,2021-08-15 11:00:00
3.078784137,2021-08-15 12:00:00
2.033258757,2021-08-15 13:00:00
2.299914798,2021-08-15 14:00:00
2.588524825,2021-08-15 15:00:00
2.630588635,2021-08-15 16:00:00
1.790652941,2021-08-15 17:00:00
1.502203933,2021-08-15 18:00:00
1.317871054,2021-08-15 19:00:00
1.550916418,2021-08-15 20:00:00
2.064674184,2021-08-15 21:00:00
1.978678436,2021-08-15 22:00:00
1.806906626,2021-08-15 23:00:00
1.643208919,2021-08-16 00:00:00
1.896802581,2021-08-16 01:00:00
2.259085088,2021-08-16 02:00:00
2.412082378,2021-08-16 03:00:00
2.429301851,2021-08-16 04:00:00
2.046795233,2021-08-16 05:00:00
1.692748436,2021-08-16 06:00:00
1.55340631,2021-08-16 07:00:00
1.841170314,2021-08-16 08:00:00
2.115263492,2021-08-16 09:00:00
2.10204822,2021-08-16 10:00:00
1.829628568,2021-08-16 11:00:00
1.522002539,2021-08-16 12:00:00
1.670563808,2021-08-16 13:00:00
2.178059796,2021-08-16 14:00:00
2.111489769,2021-08-16 15:00:00
1.693255215,2021-08-16 16:00:00
0.863074603,2021-08-16 17:00:00
0.995728466,2021-08-16 18:00:00
1.314641464,2021-08-16 19:00:00
1.202457791,2021-08-16 20:00:00
25.91295429781604,2021-08-16 21:00:00
1.689443255,2021-08-16 22:00:00
1.346554205,2021-08-16 23:00:00
1.195764281,2021-08-17 00:00:00
1.421925482,2021-08-17 01:00:00
1.794782333,2021-08-17 02:00:00
1.902600774,2021-08-17 03:00:00
1.988982768,2021-08-17 04:00:00
2.206898543,2021-08-17 05:00:00
2.026140349,2021-08-17 06:00:00
1.835928919,2021-08-17 07:00:00
2.32588932,2021-08-17 08:00:00
2.836068509,2021-08-17 09:00:00
2.778042926,2021-08-17 10:00:00
2.640776885,2021-08-17 11:00:00
2.651629136,2021-08-17 12:00:00
2.946192513,2021-08-17 13:00:00
3.047657325,2021-08-17 14:00:00
2.318335565,2021-08-17 15:00:00
2.233982283,2021-08-17 16:00:00
0.994175788,2021-08-17 17:00:00
2.528805202,2021-08-17 18:00:00
2.619238787,2021-08-17 19:00:00
2.207524126,2021-08-17 20:00:00
1.949766569,2021-08-17 21:00:00
1.536388896,2021-08-17 22:00:00
1.64210116,2021-08-17 23:00:00
1.585221739,2021-08-18 00:00:00
1.598296497,2021-08-18 01:00:00
1.797491115,2021-08-18 02:00:00
1.558435185,2021-08-18 03:00:00
1.425853652,2021-08-18 04:00:00
1.294527474,2021-08-18 05:00:00
0.625043925,2021-08-18 06:00:00
0.572006652,2021-08-18 07:00:00
0.467252287,2021-08-18 08:00:00
0.81048086,2021-08-18 09:00:00
1.562348696,2021-08-18 10:00:00
1.95245085,2021-08-18 11:00:00
1.795809752,2021-08-18 12:00:00
1.628906878,2021-08-18 13:00:00
1.595594696,2021-08-18 14:00:00
1.336028925,2021-08-18 15:00:00
1.211132479,2021-08-18 16:00:00
1.250394244,2021-08-18 17:00:00
1.339502896,2021-08-18 18:00:00
1.389088673,2021-08-18 19:00:00
1.488316129,2021-08-18 20:00:00
1.885066902,2021-08-18 21:00:00
2.252991661,2021-08-18 22:00:00
2.232432008,2021-08-18 23:00:00
1.88547527,2021-08-19 00:00:00
1.712319886,2021-08-19 01:00:00
1.721097019,2021-08-19 02:00:00
2.01244024,2021-08-19 03:00:00
2.251936399,2021-08-19 04:00:00
2.146701585,2021-08-19 05:00:00
2.425514505,2021-08-19 06:00:00
2.367204222,2021-08-19 07:00:00
21.841156199738,2021-08-19 08:00:00
2.525327587,2021-08-19 09:00:00
2.295160177,2021-08-19 10:00:00
2.123517085,2021-08-19 11:00:00
2.136496883,2021-08-19 12:00:00
2.167780125,2021-08-19 13:00:00
2.153238128,2021-08-19 14:00:00
1.824784167,2021-08-19 15:00:00
1.783811971,2021-08-19 16:00:00
1.208813828,2021-08-19 17:00:00
1.826244666,2021-08-19 18:00:00
2.112742034,2021-08-19 19:00:00
2.596097666,2021-08-19 20:00:00
3.105165338,2021-08-19 21:00:00
3.15716029,2021-08-19 22:00:00
3.003801421,2021-08-19 23:00:00
3.162820526,2021-08-20 00:00:00
3.126967315,2021-08-20 01:00:00
2.906026865,2021-08-20 02:00:00
2.852336902,2021-08-20 03:00:00
2.740852408,2021-08-20 04:00:00
2.577006541,2021-08-20 05:00:00
2.58226411,2021-08-20 06:00:00
2.585651784,2021-08-20 07:00:00
1.033163391,2021-08-20 08:00:00
1.89397196,2021-08-20 09:00:00
2.50303818,2021-08-20 10:00:00
2.324391659,2021-08-20 11:00:00
2.866636117,2021-08-20 12:00:00
2.771357075,2021-08-20 13:00:00
2.929511958,2021-08-20 14:00:00
2.604232849,2021-08-20 15:00:00
2.007225801,2021-08-20 16:00:00
1.562011123,2021-08-20 17:00:00
1.629636856,2021-08-20 18:00:00
1.651830576,2021-08-20 19:00:00
1.757630182,2021-08-20 20:00:00
2.548699424,2021-08-20 21:00:00
2.359861159,2021-08-20 22:00:00
2.149942049,2021-08-20 23:00:00
2.072048358,2021-08-21 00:00:00
2.124688405,2021-08-21 01:00:00
2.716046842,2021-08-21 02:00:00
3.23835929,2021-08-21 03:00:00
3.063258237,2021-08-21 04:00:00
1.912793904,2021-08-21 05:00:00
2.618187051,2021-08-21 06:00:00
2.781659693,2021-08-21 07:00:00
2.964074824,2021-08-21 08:00:00
3.186235973,2021-08-21 09:00:00
3.274838298,2021-08-21 10:00:00
3.302352689,2021-08-21 11:00:00
2.986368874,2021-08-21 12:00:00
2.807485111,2021-08-21 13:00:00
2.308148047,2021-08-21 14:00:00
1.767793045,2021-08-21 15:00:00
1.390312713,2021-08-21 16:00:00
0.814402776,2021-08-21 17:00:00
1.140403884,2021-08-21 18:00:00
1.23094133,2021-08-21 19:00:00
1.208831363,2021-08-21 20:00:00
1.278707745,2021-08-21 21:00:00
1.426637673,2021-08-21 22:00:00
1.618494668,2021-08-21 23:00:00
1.420104524,2021-08-22 00:00:00
1.45950712,2021-08-22 01:00:00
1.836304362,2021-08-22 02:00:00
1.325570184,2021-08-22 03:00:00
1.322341451,2021-08-22 04:00:00
1.785150118,2021-08-22 05:00:00
2.146259838,2021-08-22 06:00:00
2.362633584,2021-08-22 07:00:00
2.644425931,2021-08-22 08:00:00
2.063357612,2021-08-22 09:00:00
1.444205845,2021-08-22 10:00:00
2.299539236,2021-08-22 11:00:00
2.833373933,2021-08-22 12:00:00
2.980910057,2021-08-22 13:00:00
3.349367531,2021-08-22 14:00:00
3.205532331,2021-08-22 15:00:00
3.041803891,2021-08-22 16:00:00
3.142604078,2021-08-22 17:00:00
2.708728162,2021-08-22 18:00:00
3.101264293,2021-08-22 19:00:00
3.692871697,2021-08-22 20:00:00
3.685448118,2021-08-22 21:00:00
3.899716106,2021-08-22 22:00:00
3.488411406,2021-08-22 23:00:00
3.253875202,2021-08-23 00:00:00
3.253377914,2021-08-23 01:00:00
3.045523668,2021-08-23 02:00:00
2.862432367,2021-08-23 03:00:00
2.837959835,2021-08-23 04:00:00
2.999522237,2021-08-23 05:00:00
3.272983094,2021-08-23 06:00:00
3.087599658,2021-08-23 07:00:00
3.073476992,2021-08-23 08:00:00
3.119717744,2021-08-23 09:00:00
3.613412796,2021-08-23 10:00:00
4.276089458,2021-08-23 11:00:00
4.252410425,2021-08-23 12:00:00
4.279210149,2021-08-23 13:00:00
3.619763225,2021-08-23 14:00:00
3.623106439,2021-08-23 15:00:00
2.645401814,2021-08-23 16:00:00
1.927802629,2021-08-23 17:00:00
2.101057552,2021-08-23 18:00:00
2.39408154,2021-08-23 19:00:00
3.100233195,2021-08-23 20:00:00
3.835818475,2021-08-23 21:00:00
3.545866855,2021-08-23 22:00:00
3.158718049,2021-08-23 23:00:00
3.595991813,2021-08-24 00:00:00
3.782938617,2021-08-24 01:00:00
3.379738994,2021-08-24 02:00:00
3.212016507,2021-08-24 03:00:00
2.95361606,2021-08-24 04:00:00
2.002220791,2021-08-24 05:00:00
2.572367607,2021-08-24 06:00:00
3.150056475,2021-08-24 07:00:00
3.409441526,2021-08-24 08:00:00
3.459801609,2021-08-24 09:00:00
3.636863117,2021-08-24 10:00:00
3.409798205,2021-08-24 11:00:00
2.96332122,2021-08-24 12:00:00
2.623262971,2021-08-24 13:00:00
2.125173798,2021-08-24 14:00:00
1.588626774,2021-08-24 15:00:00
1.732399067,2021-08-24 16:00:00
1.27646754,2021-08-24 17:00:00
0.822677713,2021-08-24 18:00:00
0.418408886,2021-08-24 19:00:00
0.041619513,2021-08-24 20:00:00
0.155918509,2021-08-24 21:00:00
0.661131249,2021-08-24 22:00:00
1.501186483,2021-08-24 23:00:00
1.815125069,2021-08-25 00:00:00
1.736247257,2021-08-25 01:00:00
1.635412167,2021-08-25 02:00:00
1.908899645,2021-08-25 03:00:00
1.877402575,2021-08-25 04:00:00
1.978357928,2021-08-25 05:00:00
2.134523724,2021-08-25 06:00:00
2.545727534,2021-08-25 07:00:00
2.995230508,2021-08-25 08:00:00
2.972926808,2021-08-25 09:00:00
2.702932683,2021-08-25 10:00:00
2.601258006,2021-08-25 11:00:00
2.711718131,2021-08-25 12:00:00
2.717998087,2021-08-25 13:00:00
2.454565661,2021-08-25 14:00:00
2.664849327,2021-08-25 15:00:00
1.898833234,2021-08-25 16:00:00
1.299206797,2021-08-25 17:00:00
1.742762081,2021-08-25 18:00:00
2.03819775,2021-08-25 19:00:00
2.110656332,2021-08-25 20:00:00
2.070054173,2021-08-25 21:00:00
1.866879779,2021-08-25 22:00:00
1.627132296,2021-08-25 23:00:00
1.795278918,2021-08-26 00:00:00
1.783342138,2021-08-26 01:00:00
1.816656607,2021-08-26 02:00:00
1.829953748,2021-08-26 03:00:00
1.26830222,2021-08-26 04:00:00
1.010339995,2021-08-26 05:00:00
0.570675769,2021-08-26 06:00:00
0.522746982,2021-08-26 07:00:00
0.308924904,2021-08-26 08:00:00
0.363043589,2021-08-26 09:00:00
0.771520127,2021-08-26 10:00:00
1.329280986,2021-08-26 11:00:00
1.356835204,2021-08-26 12:00:00
1.342987138,2021-08-26 13:00:00
1.718583198,2021-08-26 14:00:00
1.683829328,2021-08-26 15:00:00
0.40467398,2021-08-26 16:00:00
2.431945008,2021-08-26 17:00:00
3.297405145,2021-08-26 18:00:00
2.849551787,2021-08-26 19:00:00
2.552410769,2021-08-26 20:00:00
2.457055432,2021-08-26 21:00:00
2.382158048,2021-08-26 22:00:00
2.357763213,2021-08-26 23:00:00
2.180069804,2021-08-27 00:00:00
1.720733224,2021-08-27 01:00:00
1.296609723,2021-08-27 02:00:00
1.257570581,2021-08-27 03:00:00
2.007022218,2021-08-27 04:00:00
2.730684392,2021-08-27 05:00:00
2.963292937,2021-08-27 06:00:00
2.776985373,2021-08-27 07:00:00
2.654235553,2021-08-27 08:00:00
2.829641808,2021-08-27 09:00:00
2.779579934,2021-08-27 10:00:00
2.512544057,2021-08-27 11:00:00
2.022179463,2021-08-27 12:00:00
1.711772422,2021-08-27 13:00:00
1.788083868,2021-08-27 14:00:00
2.369153477,2021-08-27 15:00:00
2.312983304,2021-08-27 16:00:00
1.655280792,2021-08-27 17:00:00
1.271449579,2021-08-27 18:00:00
0.916754361,2021-08-27 19:00:00
1.05373154,2021-08-27 20:00:00
1.023824579,2021-08-27 21:00:00
1.220136916,2021-08-27 22:00:00
1.314218251,2021-08-27 23:00:00
1.226438433,2021-08-28 00:00:00
1.069732432,2021-08-28 01:00:00
1.226903262,2021-08-28 02:00:00
1.47373071,2021-08-28 03:00:00
1.683215675,2021-08-28 04:00:00
1.323656842,2021-08-28 05:00:00
1.620551506,2021-08-28 06:00:00
1.568990987,2021-08-28 07:00:00
0.64986167,2021-08-28 08:00:00
0.755835182,2021-08-28 09:00:00
1.382505297,2021-08-28 10:00:00
1.898915666,2021-08-28 11:00:00
2.275160661,2021-08-28 12:00:00
1.96719676,2021-08-28 13:00:00
1.891516294,2021-08-28 14:00:00
1.740747936,2021-08-28 15:00:00
1.509975358,2021-08-28 16:00:00
1.597742506,2021-08-28 17:00:00
1.761524244,2021-08-28 18:00:00
1.900871409,2021-08-28 19:00:00
1.682747394,2021-08-28 20:00:00
1.464086935,2021-08-28 21:00:00
1.406208113,2021-08-28 22:00:00
1.395496043,2021-08-28 23:00:00
1.446430798,2021-08-29 00:00:00
1.741906687,2021-08-29 01:00:00
2.00575668,2021-08-29 02:00:00
2.219201281,2021-08-29 03:00:00
2.356756447,2021-08-29 04:00:00
2.529027136,2021-08-29 05:00:00
2.640352144,2021-08-29 06:00:00
2.497333944,2021-08-29 07:00:00
2.409362554,2021-08-29 08:00:00
2.295936617,2021-08-29 09:00:00
2.235459032,2021-08-29 10:00:00
2.325052641,2021-08-29 11:00:00
2.233478932,2021-08-29 12:00:00
2.000574729,2021-08-29 13:00:00
1.650100239,2021-08-29 14:00:00
1.482698773,2021-08-29 15:00:00
3.227043484,2021-08-29 16:00:00
2.214708126,2021-08-29 17:00:00
1.996673116,2021-08-29 18:00:00
2.623201395,2021-08-29 19:00:00
2.269831855,2021-08-29 20:00:00
2.590347841,2021-08-29 21:00:00
2.431405601,2021-08-29 22:00:00
2.416694307,2021-08-29 23:00:00
2.740197799,2021-08-30 00:00:00
2.687012533,2021-08-30 01:00:00
2.618651696,2021-08-30 02:00:00
2.704462232,2021-08-30 03:00:00
2.764716283,2021-08-30 04:00:00
1.744624305,2021-08-30 05:00:00
1.868993869,2021-08-30 06:00:00
2.34535561,2021-08-30 07:00:00
2.023275084,2021-08-30 08:00:00
1.584803696,2021-08-30 09:00:00
1.319459047,2021-08-30 10:00:00
1.076308281,2021-08-30 11:00:00
0.857099866,2021-08-30 12:00:00
0.896539564,2021-08-30 13:00:00
1.203657276,2021-08-30 14:00:00
1.398194312,2021-08-30 15:00:00
1.430168752,2021-08-30 16:00:00
1.299034913,2021-08-30 17:00:00
1.674790635,2021-08-30 18:00:00
2.190238948,2021-08-30 19:00:00
1.953502178,2021-08-30 20:00:00
1.828372621,2021-08-30 21:00:00
2.108845411,2021-08-30 22:00:00
2.34898196,2021-08-30 23:00:00
2.211187478,2021-08-31 00:00:00
2.238543659,2021-08-31 01:00:00
2.482522972,2021-08-31 02:00:00
2.626364562,2021-08-31 03:00:00
16.636470723058544,2021-08-31 04:00:00
1.871942532,2021-08-31 05:00:00
2.218351389,2021-08-31 06:00:00
2.172412161,2021-08-31 07:00:00
2.210640502,2021-08-31 08:00:00
2.158088935,2021-08-31 09:00:00
2.081600626,2021-08-31 10:00:00
2.161771093,2021-08-31 11:00:00
2.417308424,2021-08-31 12:00:00
2.551164435,2021-08-31 13:00:00
2.537743602,2021-08-31 14:00:00
2.203998733,2021-08-31 15:00:00
1.235643331,2021-08-31 16:00:00
1.789033088,2021-08-31 17:00:00
1.342661894,2021-08-31 18:00:00
0.874031541,2021-08-31 19:00:00
0.612336315,2021-08-31 20:00:00
0.72192707,2021-08-31 21:00:00
0.938752252,2021-08-31 22:00:00
1.094339784,2021-08-31 23:00:00
1.72993616,2021-09-01 00:00:00
1.908385753,2021-09-01 01:00:00
2.24227284,2021-09-01 02:00:00
2.389708663,2021-09-01 03:00:00
2.376579012,2021-09-01 04:00:00
2.588204404,2021-09-01 05:00:00
3.363350767,2021-09-01 06:00:00
3.390562016,2021-09-01 07:00:00
3.014488488,2021-09-01 08:00:00
2.313152441,2021-09-01 09:00:00
1.703805592,2021-09-01 10:00:00
1.782336941,2021-09-01 11:00:00
2.161121073,2021-09-01 12:00:00
2.397303683,2021-09-01 13:00:00
2.510995553,2021-09-01 14:00:00
2.633753436,2021-09-01 15:00:00
2.501244647,2021-09-01 16:00:00
1.929049034,2021-09-01 17:00:00
1.870808834,2021-09-01 18:00:00
1.970358984,2021-09-01 19:00:00
1.83389967,2021-09-01 20:00:00
1.812533834,2021-09-01 21:00:00
1.917962964,2021-09-01 22:00:00
1.933229193,2021-09-01 23:00:00
1.73703448,2021-09-02 00:00:00
1.820828978,2021-09-02 01:00:00
1.803663835,2021-09-02 02:00:00
1.129415812,2021-09-02 03:00:00
0.428653411,2021-09-02 04:00:00
1.381360194,2021-09-02 05:00:00
2.066272586,2021-09-02 06:00:00
2.782144272,2021-09-02 07:00:00
2.814760007,2021-09-02 08:00:00
3.09075808,2021-09-02 09:00:00
3.128559581,2021-09-02 10:00:00
3.697661427,2021-09-02 11:00:00
3.345342123,2021-09-02 12:00:00
3.280699102,2021-09-02 13:00:00
3.119943484,2021-09-02 14:00:00
2.458896585,2021-09-02 15:00:00
1.998581264,2021-09-02 16:00:00
1.488817291,2021-09-02 17:00:00
1.587199164,2021-09-02 18:00:00
1.720302856,2021-09-02 19:00:00
1.502609157,2021-09-02 20:00:00
1.281891079,2021-09-02 21:00:00
1.437080073,2021-09-02 22:00:00
1.868092975,2021-09-02 23:00:00
2.054151157,2021-09-03 00:00:00
2.105841678,2021-09-03 01:00:00
2.003681571,2021-09-03 02:00:00
1.954304664,2021-09-03 03:00:00
1.883893806,2021-09-03 04:00:00
0.724345057,2021-09-03 05:00:00
1.534998364,2021-09-03 06:00:00
1.915754874,2021-09-03 07:00:00
2.103852194,2021-09-03 08:00:00
2.091195241,2021-09-03 09:00:00
1.870973936,2021-09-03 10:00:00
1.81218615,2021-09-03 11:00:00
1.881951583,2021-09-03 12:00:00
2.013187137,2021-09-03 13:00:00
2.053362423,2021-09-03 14:00:00
2.153695396,2021-09-03 15:00:00
2.186764489,2021-09-03 16:00:00
1.732805851,2021-09-03 17:00:00
2.1834465,2021-09-03 18:00:00
2.48695895,2021-09-03 19:00:00
2.513471093,2021-09-03 20:00:00
3.135550313,2021-09-03 21:00:00
3.335910388,2021-09-03 22:00:00
3.433852033,2021-09-03 23:00:00
3.774924341,2021-09-04 00:00:00
3.753949796,2021-09-04 01:00:00
3.757305237,2021-09-04 02:00:00
3.980804742,2021-09-04 03:00:00
3.94206833,2021-09-04 04:00:00
3.396176133,2021-09-04 05:00:00
3.806685012,2021-09-04 06:00:00
4.24286127,2021-09-04 07:00:00
5.02502233,2021-09-04 08:00:00
4.945461047,2021-09-04 09:00:00
4.418745938,2021-09-04 10:00:00
3.988880631,2021-09-04 11:00:00
3.73603463,2021-09-04 12:00:00
3.624123501,2021-09-04 13:00:00
2.782877548,2021-09-04 14:00:00
3.217292629,2021-09-04 15:00:00
4.149384121,2021-09-04 16:00:00
2.959045104,2021-09-04 17:00:00
3.098323778,2021-09-04 18:00:00
3.5060352,2021-09-04 19:00:00
3.894599063,2021-09-04 20:00:00
4.096517654,2021-09-04 21:00:00
3.790916169,2021-09-04 22:00:00
3.162986382,2021-09-04 23:00:00
2.759390643,2021-09-05 00:00:00
2.71301568,2021-09-05 01:00:00
2.726546474,2021-09-05 02:00:00
2.277337698,2021-09-05 03:00:00
1.746546583,2021-09-05 04:00:00
1.03272292,2021-09-05 05:00:00
0.698526463,2021-09-05 06:00:00
1.402521748,2021-09-05 07:00:00
1.730743519,2021-09-05 08:00:00
2.308977003,2021-09-05 09:00:00
2.306123429,2021-09-05 10:00:00
2.086403786,2021-09-05 11:00:00
2.220636079,2021-09-05 12:00:00
2.429550153,2021-09-05 13:00:00
2.406648115,2021-09-05 14:00:00
2.559066859,2021-09-05 15:00:00
2.258970398,2021-09-05 16:00:00
1.753646547,2021-09-05 17:00:00
1.98399952,2021-09-05 18:00:00
2.41748489,2021-09-05 19:00:00
2.601911379,2021-09-05 20:00:00
2.503948018,2021-09-05 21:00:00
1.851179589,2021-09-05 22:00:00
1.339497733,2021-09-05 23:00:00
1.444724446,2021-09-06 00:00:00
1.660216338,2021-09-06 01:00:00
1.724737409,2021-09-06 02:00:00
1.930683717,2021-09-06 03:00:00
1.950910866,2021-09-06 04:00:00
1.890177332,2021-09-06 05:00:00
2.10546627,2021-09-06 06:00:00
2.355520099,2021-09-06 07:00:00
2.651693476,2021-09-06 08:00:00
2.467578734,2021-09-06 09:00:00
2.299847953,2021-09-06 10:00:00
3.289403383,2021-09-06 11:00:00
3.830224293,2021-09-06 12:00:00
3.972525828,2021-09-06 13:00:00
4.1635859,2021-09-06 14:00:00
4.075897777,2021-09-06 15:00:00
3.411615222,2021-09-06 16:00:00
2.51427814,2021-09-06 17:00:00
2.106735071,2021-09-06 18:00:00
2.327101167,2021-09-06 19:00:00
2.701932735,2021-09-06 20:00:00
3.027366155,2021-09-06 21:00:00
3.123086894,2021-09-06 22:00:00
2.766239793,2021-09-06 23:00:00
2.611487096,2021-09-07 00:00:00
2.793773752,2021-09-07 01:00:00
2.902324939,2021-09-07 02:00:00
3.115044018,2021-09-07 03:00:00
3.007960217,2021-09-07 04:00:00
2.845461273,2021-09-07 05:00:00
2.638544698,2021-09-07 06:00:00
3.081838342,2021-09-07 07:00:00
2.797215201,2021-09-07 08:00:00
2.951243742,2021-09-07 09:00:00
3.282739449,2021-09-07 10:00:00
3.381548173,2021-09-07 11:00:00
3.39333641,2021-09-07 12:00:00
3.309128187,2021-09-07 13:00:00
3.29655569,2021-09-07 14:00:00
2.996510446,2021-09-07 15:00:00
2.161447606,2021-09-07 16:00:00
0.89093417,2021-09-07 17:00:00
1.230716413,2021-09-07 18:00:00
1.230798945,2021-09-07 19:00:00
1.13214114,2021-09-07 20:00:00
1.474172877,2021-09-07 21:00:00
1.422892124,2021-09-07 22:00:00
1.381444395,2021-09-07 23:00:00
1.391214776,2021-09-08 00:00:00
1.151847128,2021-09-08 01:00:00
1.024310397,2021-09-08 02:00:00
1.024006884,2021-09-08 03:00:00
1.299602329,2021-09-08 04:00:00
1.212070752,2021-09-08 05:00:00
1.439340797,2021-09-08 06:00:00
1.571323457,2021-09-08 07:00:00
1.602109261,2021-09-08 08:00:00
1.024759472,2021-09-08 09:00:00
0.567792029,2021-09-08 10:00:00
0.550562498,2021-09-08 11:00:00
0.765764286,2021-09-08 12:00:00
0.973566595,2021-09-08 13:00:00
1.197515482,2021-09-08 14:00:00
1.325687279,2021-09-08 15:00:00
1.259857051,2021-09-08 16:00:00
1.609858538,2021-09-08 17:00:00
2.037750512,2021-09-08 18:00:00
2.242305633,2021-09-08 19:00:00
2.227790497,2021-09-08 20:00:00
2.070365454,2021-09-08 21:00:00
2.20704413,2021-09-08 22:00:00
2.360200161,2021-09-08 23:00:00
2.530971234,2021-09-09 00:00:00
2.514946376,2021-09-09 01:00:00
2.242950024,2021-09-09 02:00:00
2.003336121,2021-09-09 03:00:00
1.907998431,2021-09-09 04:00:00
1.97657195,2021-09-09 05:00:00
2.288081292,2021-09-09 06:00:00
17.129196408438,2021-09-09 07:00:00
2.508231952,2021-09-09 08:00:00
1.829227904,2021-09-09 09:00:00
1.398321528,2021-09-09 10:00:00
1.239705196,2021-09-09 11:00:00
1.420606065,2021-09-09 12:00:00
1.555762278,2021-09-09 13:00:00
1.528624002,2021-09-09 14:00:00
1.483146966,2021-09-09 15:00:00
1.127137538,2021-09-09 16:00:00
1.244816871,2021-09-09 17:00:00
0.334902949,2021-09-09 18:00:00
1.133261661,2021-09-09 19:00:00
0.986424068,2021-09-09 20:00:00
1.276065272,2021-09-09 21:00:00
1.239240867,2021-09-09 22:00:00
1.389330751,2021-09-09 23:00:00
1.224460022,2021-09-10 00:00:00
0.985798059,2021-09-10 01:00:00
0.738462318,2021-09-10 02:00:00
1.02217249,2021-09-10 03:00:00
1.526972277,2021-09-10 04:00:00
1.370302264,2021-09-10 05:00:00
1.337836035,2021-09-10 06:00:00
0.692749672,2021-09-10 07:00:00
0.932364925,2021-09-10 08:00:00
1.183642055,2021-09-10 09:00:00
0.832148866,2021-09-10 10:00:00
0.366464401,2021-09-10 11:00:00
0.359236128,2021-09-10 12:00:00
0.38808633,2021-09-10 13:00:00
0.634946921,2021-09-10 14:00:00
1.015989692,2021-09-10 15:00:00
1.185430164,2021-09-10 16:00:00
2.146952286,2021-09-10 17:00:00
1.770617145,2021-09-10 18:00:00
2.171098147,2021-09-10 19:00:00
2.288286319,2021-09-10 20:00:00
2.123917346,2021-09-10 21:00:00
2.095894214,2021-09-10 22:00:00
1.852196877,2021-09-10 23:00:00
1.683690527,2021-09-11 00:00:00
18.6423222789299,2021-09-11 01:00:00
1.91366759,2021-09-11 02:00:00
1.899465483,2021-09-11 03:00:00
1.931136017,2021-09-11 04:00:00
2.278268025,2021-09-11 05:00:00
2.876880274,2021-09-11 06:00:00
2.450616814,2021-09-11 07:00:00
2.596470149,2021-09-11 08:00:00
2.9565533,2021-09-11 09:00:00
3.258898362,2021-09-11 10:00:00
3.465441379,2021-09-11 11:00:00
3.786121013,2021-09-11 12:00:00
4.009025049,2021-09-11 13:00:00
4.084467607,2021-09-11 14:00:00
3.896085043,2021-09-11 15:00:00
3.185519731,2021-09-11 16:00:00
2.422481761,2021-09-11 17:00:00
2.823883087,2021-09-11 18:00:00
3.119087479,2021-09-11 19:00:00
3.751593742,2021-09-11 20:00:00
4.067296676,2021-09-11 21:00:00
3.874227298,2021-09-11 22:00:00
3.313639836,2021-09-11 23:00:00
3.22301587,2021-09-12 00:00:00
3.141588097,2021-09-12 01:00:00
3.116693959,2021-09-12 02:00:00
3.228126285,2021-09-12 03:00:00
3.465092164,2021-09-12 04:00:00
3.339646764,2021-09-12 05:00:00
4.484468761,2021-09-12 06:00:00
5.597994271,2021-09-12 07:00:00
5.774329557,2021-09-12 08:00:00
5.33430634,2021-09-12 09:00:00
5.182425685,2021-09-12 10:00:00
5.597167847,2021-09-12 11:00:00
6.395244566,2021-09-12 12:00:00
6.67750903,2021-09-12 13:00:00
6.471387589,2021-09-12 14:00:00
5.977976008,2021-09-12 15:00:00
5.362555556,2021-09-12 16:00:00
4.743383564,2021-09-12 17:00:00
4.723677404,2021-09-12 18:00:00
4.792839702,2021-09-12 19:00:00
4.725370412,2021-09-12 20:00:00
4.825236305,2021-09-12 21:00:00
4.851273931,2021-09-12 22:00:00
4.7441162,2021-09-12 23:00:00
4.915525696,2021-09-13 00:00:00
5.168662949,2021-09-13 01:00:00
5.245163057,2021-09-13 02:00:00
5.232139743,2021-09-13 03:00:00
5.131483926,2021-09-13 04:00:00
5.327549381,2021-09-13 05:00:00
4.577970834,2021-09-13 06:00:00
5.840089565,2021-09-13 07:00:00
6.668069809,2021-09-13 08:00:00
6.460285307,2021-09-13 09:00:00
6.61772081,2021-09-13 10:00:00
7.01760135,2021-09-13 11:00:00
6.744386161,2021-09-13 12:00:00
5.960803057,2021-09-13 13:00:00
5.085658578,2021-09-13 14:00:00
4.613304165,2021-09-13 15:00:00
4.844262882,2021-09-13 16:00:00
4.478805741,2021-09-13 17:00:00
5.231664719,2021-09-13 18:00:00
5.298332299,2021-09-13 19:00:00
4.958913117,2021-09-13 20:00:00
4.912662771,2021-09-13 21:00:00
5.181494023,2021-09-13 22:00:00
5.214591355,2021-09-13 23:00:00
5.14982948,2021-09-14 00:00:00
5.039218785,2021-09-14 01:00:00
4.915981448,2021-09-14 02:00:00
5.034840129,2021-09-14 03:00:00
5.353649019,2021-09-14 04:00:00
4.732498495,2021-09-14 05:00:00
5.061622266,2021-09-14 06:00:00
5.296692898,2021-09-14 07:00:00
5.887326348,2021-09-14 08:00:00
5.863367968,2021-09-14 09:00:00
5.764759636,2021-09-14 10:00:00
6.183377966,2021-09-14 11:00:00
6.500763092,2021-09-14 12:00:00
6.035962046,2021-09-14 13:00:00
5.362460671,2021-09-14 14:00:00
4.683158657,2021-09-14 15:00:00
4.267146564,2021-09-14 16:00:00
3.719041869,2021-09-14 17:00:00
3.587976728,2021-09-14 18:00:00
3.57084771,2021-09-14 19:00:00
3.596872838,2021-09-14 20:00:00
3.378202675,2021-09-14 21:00:00
3.075977767,2021-09-14 22:00:00
2.74827516,2021-09-14 23:00:00
2.653453706,2021-09-15 00:00:00
2.681055781,2021-09-15 01:00:00
2.864381092,2021-09-15 02:00:00
3.098275754,2021-09-15 03:00:00
3.381477545,2021-09-15 04:00:00
2.875771333,2021-09-15 05:00:00
3.127764016,2021-09-15 06:00:00
3.182525478,2021-09-15 07:00:00
3.608369896,2021-09-15 08:00:00
3.758594914,2021-09-15 09:00:00
3.899953334,2021-09-15 10:00:00
4.047681248,2021-09-15 11:00:00
4.213257564,2021-09-15 12:00:00
3.917415999,2021-09-15 13:00:00
3.806477757,2021-09-15 14:00:00
3.093150297,2021-09-15 15:00:00
2.297733982,2021-09-15 16:00:00
1.808679227,2021-09-15 17:00:00
2.05173339,2021-09-15 18:00:00
2.105805843,2021-09-15 19:00:00
2.149507795,2021-09-15 20:00:00
2.333314446,2021-09-15 21:00:00
2.40492071,2021-09-15 22:00:00
2.500651315,2021-09-15 23:00:00
2.387866033,2021-09-16 00:00:00
2.315485397,2021-09-16 01:00:00
2.145179137,2021-09-16 02:00:00
1.960375292,2021-09-16 03:00:00
1.956362515,2021-09-16 04:00:00
2.035175712,2021-09-16 05:00:00
2.207429618,2021-09-16 06:00:00
2.293540612,2021-09-16 07:00:00
2.452984556,2021-09-16 08:00:00
2.670312832,2021-09-16 09:00:00
2.965235659,2021-09-16 10:00:00
3.263781321,2021-09-16 11:00:00
3.409272161,2021-09-16 12:00:00
3.482369542,2021-09-16 13:00:00
3.559601863,2021-09-16 14:00:00
3.512505972,2021-09-16 15:00:00
2.968506627,2021-09-16 16:00:00
2.362484428,2021-09-16 17:00:00
2.721608564,2021-09-16 18:00:00
2.713511288,2021-09-16 19:00:00
2.425443752,2021-09-16 20:00:00
1.873851542,2021-09-16 21:00:00
2.347575136,2021-09-16 22:00:00
2.39087822,2021-09-16 23:00:00
2.302079194,2021-09-17 00:00:00
1.963937831,2021-09-17 01:00:00
1.946916592,2021-09-17 02:00:00
1.948971066,2021-09-17 03:00:00
2.310182788,2021-09-17 04:00:00
2.007978777,2021-09-17 05:00:00
1.930464135,2021-09-17 06:00:00
1.315521074,2021-09-17 07:00:00
0.904598736,2021-09-17 08:00:00
0.856431183,2021-09-17 09:00:00
1.445544022,2021-09-17 10:00:00
2.530262407,2021-09-17 11:00:00
2.760818522,2021-09-17 12:00:00
2.545001359,2021-09-17 13:00:00
2.233345609,2021-09-17 14:00:00
1.98185187,2021-09-17 15:00:00
1.049159192,2021-09-17 16:00:00
1.456313351,2021-09-17 17:00:00
1.856028567,2021-09-17 18:00:00
1.800428972,2021-09-17 19:00:00
1.806905038,2021-09-17 20:00:00
1.724903868,2021-09-17 21:00:00
1.718462821,2021-09-17 22:00:00
1.797324395,2021-09-17 23:00:00
1.919873104,2021-09-18 00:00:00
1.876654609,2021-09-18 01:00:00
1.869193819,2021-09-18 02:00:00
1.94605486,2021-09-18 03:00:00
2.266656592,2021-09-18 04:00:00
2.474720333,2021-09-18 05:00:00
2.980371917,2021-09-18 06:00:00
2.917279105,2021-09-18 07:00:00
2.815558363,2021-09-18 08:00:00
2.769741596,2021-09-18 09:00:00
2.688594615,2021-09-18 10:00:00
2.645007968,2021-09-18 11:00:00
2.804602372,2021-09-18 12:00:00
3.161290884,2021-09-18 13:00:00
3.568314153,2021-09-18 14:00:00
3.914956781,2021-09-18 15:00:00
3.505969458,2021-09-18 16:00:00
3.000088651,2021-09-18 17:00:00
3.053352404,2021-09-18 18:00:00
3.180238038,2021-09-18 19:00:00
3.494114748,2021-09-18 20:00:00
4.291376355,2021-09-18 21:00:00
4.842197126,2021-09-18 22:00:00
4.937287509,2021-09-18 23:00:00
4.838247103,2021-09-19 00:00:00
4.542645344,2021-09-19 01:00:00
4.233494745,2021-09-19 02:00:00
4.162515269,2021-09-19 03:00:00
4.249257237,2021-09-19 04:00:00
3.959489177,2021-09-19 05:00:00
4.199218142,2021-09-19 06:00:00
4.743049514,2021-09-19 07:00:00
4.534172041,2021-09-19 08:00:00
4.219767692,2021-09-19 09:00:00
4.024630811,2021-09-19 10:00:00
3.8830554,2021-09-19 11:00:00
3.818881375,2021-09-19 12:00:00
3.881777768,2021-09-19 13:00:00
4.010520732,2021-09-19 14:00:00
3.44652878,2021-09-19 15:00:00
3.807368952,2021-09-19 16:00:00
3.744808766,2021-09-19 17:00:00
4.613590783,2021-09-19 18:00:00
5.324608593,2021-09-19 19:00:00
5.682028998,2021-09-19 20:00:00
5.860578963,2021-09-19 21:00:00
5.629440792,2021-09-19 22:00:00
5.134646841,2021-09-19 23:00:00
4.866807222,2021-09-20 00:00:00
4.448021367,2021-09-20 01:00:00
3.642286191,2021-09-20 02:00:00
7.842175706012297e-12,2021-09-20 03:00:00
3.962440403,2021-09-20 04:00:00
3.430607232,2021-09-20 05:00:00
5.0167745,2021-09-20 06:00:00
4.366166087,2021-09-20 07:00:00
4.529972557,2021-09-20 08:00:00
5.085444669,2021-09-20 09:00:00
4.750326317,2021-09-20 10:00:00
4.624048984,2021-09-20 11:00:00
5.248339233,2021-09-20 12:00:00
5.493708441,2021-09-20 13:00:00
5.505634006,2021-09-20 14:00:00
4.307280317,2021-09-20 15:00:00
3.117217539,2021-09-20 16:00:00
1.66601703,2021-09-20 17:00:00
1.787955177,2021-09-20 18:00:00
2.087851592,2021-09-20 19:00:00
1.938442778,2021-09-20 20:00:00
2.207990582,2021-09-20 21:00:00
2.573720089,2021-09-20 22:00:00
2.554520738,2021-09-20 23:00:00
2.657696755,2021-09-21 00:00:00
2.854723649,2021-09-21 01:00:00
2.909065642,2021-09-21 02:00:00
2.961420747,2021-09-21 03:00:00
3.102988451,2021-09-21 04:00:00
3.031054569,2021-09-21 05:00:00
3.604505336,2021-09-21 06:00:00
3.995192513,2021-09-21 07:00:00
4.339165282,2021-09-21 08:00:00
4.569380286,2021-09-21 09:00:00
4.778655542,2021-09-21 10:00:00
4.976361772,2021-09-21 11:00:00
5.035422772,2021-09-21 12:00:00
5.069448203,2021-09-21 13:00:00
4.931707776,2021-09-21 14:00:00
4.095783303,2021-09-21 15:00:00
3.300204652,2021-09-21 16:00:00
2.526604161,2021-09-21 17:00:00
2.816873508,2021-09-21 18:00:00
3.093395778,2021-09-21 19:00:00
3.326664671,2021-09-21 20:00:00
3.438746353,2021-09-21 21:00:00
3.482720398,2021-09-21 22:00:00
3.403045953,2021-09-21 23:00:00
3.230666778,2021-09-22 00:00:00
2.974464161,2021-09-22 01:00:00
2.766503613,2021-09-22 02:00:00
2.503536976,2021-09-22 03:00:00
2.256278093,2021-09-22 04:00:00
2.10642519,2021-09-22 05:00:00
2.609748665,2021-09-22 06:00:00
2.243573708,2021-09-22 07:00:00
2.122378037,2021-09-22 08:00:00
2.092947465,2021-09-22 09:00:00
2.069591342,2021-09-22 10:00:00
2.151219089,2021-09-22 11:00:00
2.195810274,2021-09-22 12:00:00
2.057372409,2021-09-22 13:00:00
1.803158685,2021-09-22 14:00:00
1.506955878,2021-09-22 15:00:00
1.0487132,2021-09-22 16:00:00
2.191849446,2021-09-22 17:00:00
2.5429625,2021-09-22 18:00:00
2.326575489,2021-09-22 19:00:00
2.100862012,2021-09-22 20:00:00
2.162057477,2021-09-22 21:00:00
2.13540044,2021-09-22 22:00:00
2.05563607,2021-09-22 23:00:00
2.444635143,2021-09-23 00:00:00
2.355343568,2021-09-23 01:00:00
2.060150213,2021-09-23 02:00:00
1.993575301,2021-09-23 03:00:00
1.983545767,2021-09-23 04:00:00
1.845656818,2021-09-23 05:00:00
2.553586498,2021-09-23 06:00:00
2.104952843,2021-09-23 07:00:00
2.19691009,2021-09-23 08:00:00
2.523519248,2021-09-23 09:00:00
2.799671714,2021-09-23 10:00:00
2.9993185,2021-09-23 11:00:00
3.09803671,2021-09-23 12:00:00
3.240980487,2021-09-23 13:00:00
3.356871164,2021-09-23 14:00:00
3.002971225,2021-09-23 15:00:00
2.953959803,2021-09-23 16:00:00
2.763297259,2021-09-23 17:00:00
3.126152699,2021-09-23 18:00:00
3.268114698,2021-09-23 19:00:00
3.772223254,2021-09-23 20:00:00
4.266233091,2021-09-23 21:00:00
4.410601299,2021-09-23 22:00:00
1.0022477614727751e-08,2021-09-23 23:00:00
3.772707928,2021-09-24 00:00:00
3.998541293,2021-09-24 01:00:00
3.869027939,2021-09-24 02:00:00
3.761553808,2021-09-24 03:00:00
3.866791634,2021-09-24 04:00:00
3.757677898,2021-09-24 05:00:00
4.191078688,2021-09-24 06:00:00
4.402924223,2021-09-24 07:00:00
4.879077616,2021-09-24 08:00:00
4.914739756,2021-09-24 09:00:00
5.357964384,2021-09-24 10:00:00
5.733930571,2021-09-24 11:00:00
5.68099205,2021-09-24 12:00:00
5.652544906,2021-09-24 13:00:00
5.799298187,2021-09-24 14:00:00
5.410136276,2021-09-24 15:00:00
5.263887367,2021-09-24 16:00:00
4.939903119,2021-09-24 17:00:00
5.284005985,2021-09-24 18:00:00
5.67607379,2021-09-24 19:00:00
5.550934425,2021-09-24 20:00:00
5.522635532,2021-09-24 21:00:00
5.676671415,2021-09-24 22:00:00
5.627466066,2021-09-24 23:00:00
5.086303377,2021-09-25 00:00:00
4.686747757,2021-09-25 01:00:00
4.789550258,2021-09-25 02:00:00
4.957728473,2021-09-25 03:00:00
4.661602456,2021-09-25 04:00:00
3.724324206,2021-09-25 05:00:00
4.176756513,2021-09-25 06:00:00
4.868258494,2021-09-25 07:00:00
5.097810188,2021-09-25 08:00:00
5.1526001,2021-09-25 09:00:00
4.841135571,2021-09-25 10:00:00
4.740471273,2021-09-25 11:00:00
4.883643665,2021-09-25 12:00:00
5.127666426,2021-09-25 13:00:00
5.459116847,2021-09-25 14:00:00
5.539462953,2021-09-25 15:00:00
5.180829319,2021-09-25 16:00:00
4.256962617,2021-09-25 17:00:00
4.507736485,2021-09-25 18:00:00
4.722897684,2021-09-25 19:00:00
4.93006183,2021-09-25 20:00:00
5.021773184,2021-09-25 21:00:00
4.86569721,2021-09-25 22:00:00
4.507417837,2021-09-25 23:00:00
4.249985896,2021-09-26 00:00:00
4.475324668,2021-09-26 01:00:00
4.641559871,2021-09-26 02:00:00
4.308944917,2021-09-26 03:00:00
4.095174109,2021-09-26 04:00:00
3.618231123,2021-09-26 05:00:00
3.750661952,2021-09-26 06:00:00
4.364258791,2021-09-26 07:00:00
4.415405506,2021-09-26 08:00:00
4.251547089,2021-09-26 09:00:00
4.005804339,2021-09-26 10:00:00
3.642974673,2021-09-26 11:00:00
3.54018232,2021-09-26 12:00:00
3.702560791,2021-09-26 13:00:00
3.972591506,2021-09-26 14:00:00
4.089350723,2021-09-26 15:00:00
3.613268724,2021-09-26 16:00:00
2.686093022,2021-09-26 17:00:00
2.652123536,2021-09-26 18:00:00
2.707268719,2021-09-26 19:00:00
2.937596122,2021-09-26 20:00:00
3.042527676,2021-09-26 21:00:00
2.891590195,2021-09-26 22:00:00
2.697668341,2021-09-26 23:00:00
2.609951079,2021-09-27 00:00:00
2.759668485,2021-09-27 01:00:00
2.61390027,2021-09-27 02:00:00
2.29430412,2021-09-27 03:00:00
1.930358935,2021-09-27 04:00:00
1.145242344,2021-09-27 05:00:00
0.113379108,2021-09-27 06:00:00
0.424807724,2021-09-27 07:00:00
1.149522509,2021-09-27 08:00:00
1.787512642,2021-09-27 09:00:00
2.396819126,2021-09-27 10:00:00
2.846182287,2021-09-27 11:00:00
2.774643128,2021-09-27 12:00:00
2.851973346,2021-09-27 13:00:00
3.02870754,2021-09-27 14:00:00
2.970543905,2021-09-27 15:00:00
3.060703346,2021-09-27 16:00:00
22.599149310263,2021-09-27 17:00:00
2.131961931,2021-09-27 18:00:00
2.002099236,2021-09-27 19:00:00
1.95044816,2021-09-27 20:00:00
1.807731586,2021-09-27 21:00:00
1.676830625,2021-09-27 22:00:00
1.63595481,2021-09-27 23:00:00
1.686744395,2021-09-28 00:00:00
1.592332275,2021-09-28 01:00:00
1.431859701,2021-09-28 02:00:00
1.338538377,2021-09-28 03:00:00
1.213510832,2021-09-28 04:00:00
1.098219566,2021-09-28 05:00:00
1.576009404,2021-09-28 06:00:00
1.634286314,2021-09-28 07:00:00
1.53425241,2021-09-28 08:00:00
1.078937936,2021-09-28 09:00:00
0.976650524,2021-09-28 10:00:00
0.798512048,2021-09-28 11:00:00
0.407305618,2021-09-28 12:00:00
0.324361895,2021-09-28 13:00:00
1.287273344,2021-09-28 14:00:00
2.045260078,2021-09-28 15:00:00
2.04726996,2021-09-28 16:00:00
2.487488096,2021-09-28 17:00:00
2.800642338,2021-09-28 18:00:00
2.961727866,2021-09-28 19:00:00
2.741108145,2021-09-28 20:00:00
2.652988508,2021-09-28 21:00:00
1.904872022,2021-09-28 22:00:00
1.18403072,2021-09-28 23:00:00
1.377758121,2021-09-29 00:00:00
2.443580888,2021-09-29 01:00:00
2.999061722,2021-09-29 02:00:00
2.884735862,2021-09-29 03:00:00
2.504141927,2021-09-29 04:00:00
2.471519496,2021-09-29 05:00:00
1.887916279,2021-09-29 06:00:00
1.450811751,2021-09-29 07:00:00
1.818336229,2021-09-29 08:00:00
2.584344018,2021-09-29 09:00:00
3.023513384,2021-09-29 10:00:00
3.077374616,2021-09-29 11:00:00
2.966061699,2021-09-29 12:00:00
3.518467431,2021-09-29 13:00:00
3.677346274,2021-09-29 14:00:00
3.441233991,2021-09-29 15:00:00
2.572196633,2021-09-29 16:00:00
1.283655757,2021-09-29 17:00:00
1.371155358,2021-09-29 18:00:00
1.387996093,2021-09-29 19:00:00
1.931056228,2021-09-29 20:00:00
1.991677919,2021-09-29 21:00:00
1.742816392,2021-09-29 22:00:00
1.498330712,2021-09-29 23:00:00
1.479356398,2021-09-30 00:00:00
1.548804633,2021-09-30 01:00:00
1.963963146,2021-09-30 02:00:00
2.181210057,2021-09-30 03:00:00
1.821723975,2021-09-30 04:00:00
1.221968662,2021-09-30 05:00:00
0.836674676,2021-09-30 06:00:00
1.123418354,2021-09-30 07:00:00
0.396265311,2021-09-30 08:00:00
0.392765464,2021-09-30 09:00:00
0.445841439,2021-09-30 10:00:00
0.484910485,2021-09-30 11:00:00
0.539891107,2021-09-30 12:00:00
0.817114714,2021-09-30 13:00:00
1.075736707,2021-09-30 14:00:00
1.350923546,2021-09-30 15:00:00
0.899851877,2021-09-30 16:00:00
1.688578811,2021-09-30 17:00:00
2.05072235,2021-09-30 18:00:00
2.37393465,2021-09-30 19:00:00
2.323197454,2021-09-30 20:00:00
2.350152663,2021-09-30 21:00:00
2.451341304,2021-09-30 22:00:00
1.873108514,2021-09-30 23:00:00
2.087728618,2021-10-01 00:00:00
1.978865103,2021-10-01 01:00:00
2.255979101,2021-10-01 02:00:00
2.371464732,2021-10-01 03:00:00
2.05168146,2021-10-01 04:00:00
1.15517117,2021-10-01 05:00:00
0.955234651,2021-10-01 06:00:00
0.649271277,2021-10-01 07:00:00
0.743603361,2021-10-01 08:00:00
0.673600571,2021-10-01 09:00:00
0.887338757,2021-10-01 10:00:00
1.175681657,2021-10-01 11:00:00
0.92344369,2021-10-01 12:00:00
0.681016861,2021-10-01 13:00:00
0.721879203,2021-10-01 14:00:00
0.687337315,2021-10-01 15:00:00
0.5287905,2021-10-01 16:00:00
1.102659711,2021-10-01 17:00:00
1.723155678,2021-10-01 18:00:00
2.106381566,2021-10-01 19:00:00
2.447247189,2021-10-01 20:00:00
2.483927133,2021-10-01 21:00:00
2.416644213,2021-10-01 22:00:00
2.082673553,2021-10-01 23:00:00
1.74515791,2021-10-02 00:00:00
1.650224948,2021-10-02 01:00:00
1.542962069,2021-10-02 02:00:00
1.558964256,2021-10-02 03:00:00
1.737903073,2021-10-02 04:00:00
1.627743589,2021-10-02 05:00:00
2.009735817,2021-10-02 06:00:00
2.025460652,2021-10-02 07:00:00
2.579608253,2021-10-02 08:00:00
3.079184544,2021-10-02 09:00:00
3.409262645,2021-10-02 10:00:00
3.403932214,2021-10-02 11:00:00
3.218318237,2021-10-02 12:00:00
3.163529586,2021-10-02 13:00:00
3.422406407,2021-10-02 14:00:00
3.290458067,2021-10-02 15:00:00
2.890558907,2021-10-02 16:00:00
2.931317331,2021-10-02 17:00:00
3.461706847,2021-10-02 18:00:00
3.791186722,2021-10-02 19:00:00
4.190775476,2021-10-02 20:00:00
4.521580058,2021-10-02 21:00:00
4.664838369,2021-10-02 22:00:00
4.7170047,2021-10-02 23:00:00
4.748674934,2021-10-03 00:00:00
4.921882929,2021-10-03 01:00:00
4.83327288,2021-10-03 02:00:00
4.004233576,2021-10-03 03:00:00
3.888907997,2021-10-03 04:00:00
3.556360325,2021-10-03 05:00:00
3.658726052,2021-10-03 06:00:00
3.844008375,2021-10-03 07:00:00
4.467427398,2021-10-03 08:00:00
4.820681376,2021-10-03 09:00:00
4.462712938,2021-10-03 10:00:00
4.278275188,2021-10-03 11:00:00
4.624181552,2021-10-03 12:00:00
4.54001671,2021-10-03 13:00:00
4.161722802,2021-10-03 14:00:00
3.125085441,2021-10-03 15:00:00
3.34339747,2021-10-03 16:00:00
3.884204237,2021-10-03 17:00:00
4.352339517,2021-10-03 18:00:00
4.596712849,2021-10-03 19:00:00
4.593006381,2021-10-03 20:00:00
4.46983706,2021-10-03 21:00:00
4.345013883,2021-10-03 22:00:00
4.297649157,2021-10-03 23:00:00
4.305101114,2021-10-04 00:00:00
4.002720833,2021-10-04 01:00:00
3.492590435,2021-10-04 02:00:00
3.188709968,2021-10-04 03:00:00
3.116006562,2021-10-04 04:00:00
2.741945333,2021-10-04 05:00:00
3.514313023,2021-10-04 06:00:00
3.594413825,2021-10-04 07:00:00
3.72349427,2021-10-04 08:00:00
3.713244782,2021-10-04 09:00:00
3.682945581,2021-10-04 10:00:00
3.656855295,2021-10-04 11:00:00
3.441171615,2021-10-04 12:00:00
3.134917697,2021-10-04 13:00:00
2.848257366,2021-10-04 14:00:00
2.461648194,2021-10-04 15:00:00
2.617051289,2021-10-04 16:00:00
2.900986095,2021-10-04 17:00:00
3.280011526,2021-10-04 18:00:00
3.466730935,2021-10-04 19:00:00
3.813097994,2021-10-04 20:00:00
4.2224141,2021-10-04 21:00:00
4.273011186,2021-10-04 22:00:00
3.956110036,2021-10-04 23:00:00
3.60025563,2021-10-05 00:00:00
3.462092357,2021-10-05 01:00:00
3.286490371,2021-10-05 02:00:00
3.176928207,2021-10-05 03:00:00
3.264849997,2021-10-05 04:00:00
2.645234342,2021-10-05 05:00:00
3.042113263,2021-10-05 06:00:00
3.441280811,2021-10-05 07:00:00
2.988438708,2021-10-05 08:00:00
2.641429783,2021-10-05 09:00:00
2.192318713,2021-10-05 10:00:00
2.127544023,2021-10-05 11:00:00
2.427735016,2021-10-05 12:00:00
2.927100689,2021-10-05 13:00:00
3.437695026,2021-10-05 14:00:00
3.815113412,2021-10-05 15:00:00
3.637428428,2021-10-05 16:00:00
2.306217509,2021-10-05 17:00:00
2.535882705,2021-10-05 18:00:00
2.732636774,2021-10-05 19:00:00
2.766848336,2021-10-05 20:00:00
2.967191327,2021-10-05 21:00:00
3.160877924,2021-10-05 22:00:00
3.223665547,2021-10-05 23:00:00
3.125100796,2021-10-06 00:00:00
2.806932081,2021-10-06 01:00:00
2.628121266,2021-10-06 02:00:00
2.56414533,2021-10-06 03:00:00
2.649365665,2021-10-06 04:00:00
2.528637347,2021-10-06 05:00:00
2.803397657,2021-10-06 06:00:00
2.913811813,2021-10-06 07:00:00
3.331621503,2021-10-06 08:00:00
3.240816404,2021-10-06 09:00:00
3.054325925,2021-10-06 10:00:00
3.193992097,2021-10-06 11:00:00
3.215428952,2021-10-06 12:00:00
3.205427536,2021-10-06 13:00:00
2.901695594,2021-10-06 14:00:00
2.699489154,2021-10-06 15:00:00
1.569979204,2021-10-06 16:00:00
1.603043158,2021-10-06 17:00:00
1.523428154,2021-10-06 18:00:00
1.7483803,2021-10-06 19:00:00
1.61919746,2021-10-06 20:00:00
2.161049334,2021-10-06 21:00:00
2.156505415,2021-10-06 22:00:00
2.240285151,2021-10-06 23:00:00
1.961014681,2021-10-07 00:00:00
1.902378459,2021-10-07 01:00:00
1.818038758,2021-10-07 02:00:00
2.05432281,2021-10-07 03:00:00
2.096700404,2021-10-07 04:00:00
1.830671931,2021-10-07 05:00:00
2.278279351,2021-10-07 06:00:00
2.493266461,2021-10-07 07:00:00
2.282575889,2021-10-07 08:00:00
2.172633062,2021-10-07 09:00:00
2.263320022,2021-10-07 10:00:00
2.545870018,2021-10-07 11:00:00
2.837336719,2021-10-07 12:00:00
3.179213816,2021-10-07 13:00:00
3.182453772,2021-10-07 14:00:00
3.471090992,2021-10-07 15:00:00
3.650979851,2021-10-07 16:00:00
2.828773393,2021-10-07 17:00:00
2.899508687,2021-10-07 18:00:00
3.074417608,2021-10-07 19:00:00
3.097790413,2021-10-07 20:00:00
3.059054871,2021-10-07 21:00:00
2.811040468,2021-10-07 22:00:00
2.923916803,2021-10-07 23:00:00
2.914100962,2021-10-08 00:00:00
3.334815642,2021-10-08 01:00:00
3.391771836,2021-10-08 02:00:00
3.282094254,2021-10-08 03:00:00
3.168736195,2021-10-08 04:00:00
3.454288228,2021-10-08 05:00:00
3.788023007,2021-10-08 06:00:00
3.626257355,2021-10-08 07:00:00
3.351868451,2021-10-08 08:00:00
3.137278219,2021-10-08 09:00:00
3.121921798,2021-10-08 10:00:00
2.725826452,2021-10-08 11:00:00
2.228068547,2021-10-08 12:00:00
2.050206507,2021-10-08 13:00:00
2.205180868,2021-10-08 14:00:00
2.47838184,2021-10-08 15:00:00
2.16713052,2021-10-08 16:00:00
1.517155284,2021-10-08 17:00:00
1.589885242,2021-10-08 18:00:00
1.725920655,2021-10-08 19:00:00
2.074818533,2021-10-08 20:00:00
2.252592142,2021-10-08 21:00:00
2.413586807,2021-10-08 22:00:00
2.547783732,2021-10-08 23:00:00
2.743250132,2021-10-09 00:00:00
2.82016722,2021-10-09 01:00:00
2.763026884,2021-10-09 02:00:00
2.584083673,2021-10-09 03:00:00
2.368077898,2021-10-09 04:00:00
1.585999744,2021-10-09 05:00:00
2.442637246,2021-10-09 06:00:00
2.541935118,2021-10-09 07:00:00
3.36350629,2021-10-09 08:00:00
3.229247652,2021-10-09 09:00:00
3.135932841,2021-10-09 10:00:00
2.959494469,2021-10-09 11:00:00
2.823165346,2021-10-09 12:00:00
2.706099893,2021-10-09 13:00:00
2.81320615,2021-10-09 14:00:00
2.8407143,2021-10-09 15:00:00
2.179707784,2021-10-09 16:00:00
1.32031139,2021-10-09 17:00:00
1.825809748,2021-10-09 18:00:00
2.240737726,2021-10-09 19:00:00
2.356076565,2021-10-09 20:00:00
2.372172189,2021-10-09 21:00:00
2.261042784,2021-10-09 22:00:00
2.43276661,2021-10-09 23:00:00
2.401637715,2021-10-10 00:00:00
2.133483935,2021-10-10 01:00:00
1.958624961,2021-10-10 02:00:00
1.961288893,2021-10-10 03:00:00
2.146077014,2021-10-10 04:00:00
1.458219821,2021-10-10 05:00:00
1.075918958,2021-10-10 06:00:00
0.933260116,2021-10-10 07:00:00
1.432414445,2021-10-10 08:00:00
2.020568264,2021-10-10 09:00:00
2.510858254,2021-10-10 10:00:00
2.848988585,2021-10-10 11:00:00
3.882913394,2021-10-10 12:00:00
5.495842105,2021-10-10 13:00:00
6.871562876,2021-10-10 14:00:00
7.301145487,2021-10-10 15:00:00
7.284170876,2021-10-10 16:00:00
6.859416434,2021-10-10 17:00:00
7.116603217,2021-10-10 18:00:00
7.177974891,2021-10-10 19:00:00
6.73328257,2021-10-10 20:00:00
6.225258973,2021-10-10 21:00:00
6.296077406,2021-10-10 22:00:00
6.146661997,2021-10-10 23:00:00
6.078240113,2021-10-11 00:00:00
6.237365021,2021-10-11 01:00:00
6.20622463,2021-10-11 02:00:00
6.15677629,2021-10-11 03:00:00
5.887345,2021-10-11 04:00:00
4.626213456,2021-10-11 05:00:00
4.309388312,2021-10-11 06:00:00
4.699281159,2021-10-11 07:00:00
5.458738303,2021-10-11 08:00:00
5.429305868,2021-10-11 09:00:00
5.745795022,2021-10-11 10:00:00
5.995287629,2021-10-11 11:00:00
5.499911282,2021-10-11 12:00:00
5.372539731,2021-10-11 13:00:00
5.300215336,2021-10-11 14:00:00
5.46922507,2021-10-11 15:00:00
4.570044567,2021-10-11 16:00:00
3.943196921,2021-10-11 17:00:00
4.004290321,2021-10-11 18:00:00
4.184113172,2021-10-11 19:00:00
4.281707197,2021-10-11 20:00:00
4.12086086,2021-10-11 21:00:00
3.937008543,2021-10-11 22:00:00
4.006693976,2021-10-11 23:00:00
4.307717807,2021-10-12 00:00:00
4.559715444,2021-10-12 01:00:00
4.566996876,2021-10-12 02:00:00
4.450897142,2021-10-12 03:00:00
4.455837208,2021-10-12 04:00:00
3.667197573,2021-10-12 05:00:00
4.116472987,2021-10-12 06:00:00
4.635913158,2021-10-12 07:00:00
5.237000517,2021-10-12 08:00:00
5.879885684,2021-10-12 09:00:00
5.803903121,2021-10-12 10:00:00
5.679792132,2021-10-12 11:00:00
5.544824549,2021-10-12 12:00:00
5.501161117,2021-10-12 13:00:00
5.43277964,2021-10-12 14:00:00
5.143770806,2021-10-12 15:00:00
4.445432991,2021-10-12 16:00:00
3.777332153,2021-10-12 17:00:00
4.218552215,2021-10-12 18:00:00
4.672213093,2021-10-12 19:00:00
4.409698563,2021-10-12 20:00:00
4.191359327,2021-10-12 21:00:00
4.496437251,2021-10-12 22:00:00
4.581740062,2021-10-12 23:00:00
4.353394819,2021-10-13 00:00:00
4.148449839,2021-10-13 01:00:00
4.082251778,2021-10-13 02:00:00
4.346718607,2021-10-13 03:00:00
4.742583094,2021-10-13 04:00:00
4.482657662,2021-10-13 05:00:00
4.499685461,2021-10-13 06:00:00
4.576505621,2021-10-13 07:00:00
4.690001972,2021-10-13 08:00:00
5.050770141,2021-10-13 09:00:00
5.780788956,2021-10-13 10:00:00
6.538648355,2021-10-13 11:00:00
6.285718896,2021-10-13 12:00:00
5.86941388,2021-10-13 13:00:00
5.792878406,2021-10-13 14:00:00
5.644430756,2021-10-13 15:00:00
5.388449813,2021-10-13 16:00:00
4.398617108,2021-10-13 17:00:00
4.188358814,2021-10-13 18:00:00
3.871287149,2021-10-13 19:00:00
3.772860622,2021-10-13 20:00:00
3.763608212,2021-10-13 21:00:00
3.669817605,2021-10-13 22:00:00
3.623434101,2021-10-13 23:00:00
3.649795527,2021-10-14 00:00:00
3.649912946,2021-10-14 01:00:00
3.58482789,2021-10-14 02:00:00
3.317917452,2021-10-14 03:00:00
2.954333222,2021-10-14 04:00:00
2.336706916,2021-10-14 05:00:00
2.615947189,2021-10-14 06:00:00
2.695191528,2021-10-14 07:00:00
2.667816139,2021-10-14 08:00:00
2.505936738,2021-10-14 09:00:00
2.456391018,2021-10-14 10:00:00
2.126106167,2021-10-14 11:00:00
1.972982327,2021-10-14 12:00:00
1.689941509,2021-10-14 13:00:00
1.105342107,2021-10-14 14:00:00
0.764092528,2021-10-14 15:00:00
1.590423864,2021-10-14 16:00:00
1.33380822,2021-10-14 17:00:00
2.203252633,2021-10-14 18:00:00
2.771263091,2021-10-14 19:00:00
3.089991273,2021-10-14 20:00:00
3.078052636,2021-10-14 21:00:00
3.189653119,2021-10-14 22:00:00
3.425230425,2021-10-14 23:00:00
4.728363708,2021-10-15 00:00:00
6.080300547,2021-10-15 01:00:00
6.409099134,2021-10-15 02:00:00
6.166135116,2021-10-15 03:00:00
6.014671356,2021-10-15 04:00:00
5.449329853,2021-10-15 05:00:00
5.215710043,2021-10-15 06:00:00
4.958294051,2021-10-15 07:00:00
4.83821059,2021-10-15 08:00:00
4.973120614,2021-10-15 09:00:00
5.731031151,2021-10-15 10:00:00
5.449627973,2021-10-15 11:00:00
5.495869804,2021-10-15 12:00:00
5.967770315,2021-10-15 13:00:00
5.829825156,2021-10-15 14:00:00
5.785375449,2021-10-15 15:00:00
5.745702935,2021-10-15 16:00:00
4.977940895,2021-10-15 17:00:00
4.956565142,2021-10-15 18:00:00
4.948448091,2021-10-15 19:00:00
5.016477717,2021-10-15 20:00:00
5.482686897,2021-10-15 21:00:00
5.499997187,2021-10-15 22:00:00
5.180364946,2021-10-15 23:00:00
5.399850926,2021-10-16 00:00:00
5.65344952,2021-10-16 01:00:00
5.743139392,2021-10-16 02:00:00
5.687178907,2021-10-16 03:00:00
5.710172381,2021-10-16 04:00:00
5.141952684,2021-10-16 05:00:00
4.660960185,2021-10-16 06:00:00
4.394432494,2021-10-16 07:00:00
4.596934022,2021-10-16 08:00:00
5.549443549,2021-10-16 09:00:00
6.458026749,2021-10-16 10:00:00
7.657163895,2021-10-16 11:00:00
7.45282178,2021-10-16 12:00:00
6.634593944,2021-10-16 13:00:00
5.95631104,2021-10-16 14:00:00
5.43220968,2021-10-16 15:00:00
5.242047522,2021-10-16 16:00:00
4.83571132,2021-10-16 17:00:00
4.760036078,2021-10-16 18:00:00
4.879282799,2021-10-16 19:00:00
4.59068173,2021-10-16 20:00:00
4.439981562,2021-10-16 21:00:00
4.481130234,2021-10-16 22:00:00
4.610848732,2021-10-16 23:00:00
4.923333266,2021-10-17 00:00:00
5.263921886,2021-10-17 01:00:00
5.032062305,2021-10-17 02:00:00
4.772526555,2021-10-17 03:00:00
4.396767497,2021-10-17 04:00:00
3.400677654,2021-10-17 05:00:00
3.380146178,2021-10-17 06:00:00
3.837594701,2021-10-17 07:00:00
3.96511115,2021-10-17 08:00:00
3.887151748,2021-10-17 09:00:00
3.527455421,2021-10-17 10:00:00
3.072485723,2021-10-17 11:00:00
2.683036702,2021-10-17 12:00:00
2.667329838,2021-10-17 13:00:00
2.525766361,2021-10-17 14:00:00
2.538759438,2021-10-17 15:00:00
1.833804785,2021-10-17 16:00:00
1.278406536,2021-10-17 17:00:00
1.796584994,2021-10-17 18:00:00
1.635666121,2021-10-17 19:00:00
2.262973461,2021-10-17 20:00:00
2.327297498,2021-10-17 21:00:00
2.190588854,2021-10-17 22:00:00
2.233639163,2021-10-17 23:00:00
2.353462426,2021-10-18 00:00:00
2.065787647,2021-10-18 01:00:00
1.599312042,2021-10-18 02:00:00
1.500859822,2021-10-18 03:00:00
1.441690933,2021-10-18 04:00:00
1.497700891,2021-10-18 05:00:00
2.277443942,2021-10-18 06:00:00
2.156857701,2021-10-18 07:00:00
2.683967616,2021-10-18 08:00:00
2.71711314,2021-10-18 09:00:00
2.437656615,2021-10-18 10:00:00
1.982768533,2021-10-18 11:00:00
2.030934098,2021-10-18 12:00:00
2.077135273,2021-10-18 13:00:00
2.0121426,2021-10-18 14:00:00
2.132184268,2021-10-18 15:00:00
1.263829291,2021-10-18 16:00:00
2.184216198,2021-10-18 17:00:00
2.580139641,2021-10-18 18:00:00
2.596902048,2021-10-18 19:00:00
2.490134219,2021-10-18 20:00:00
2.541703479,2021-10-18 21:00:00
2.163634518,2021-10-18 22:00:00
2.417745332,2021-10-18 23:00:00
2.26952474,2021-10-19 00:00:00
2.476802111,2021-10-19 01:00:00
2.479167741,2021-10-19 02:00:00
2.356230105,2021-10-19 03:00:00
2.147916255,2021-10-19 04:00:00
1.73590936,2021-10-19 05:00:00
2.198341113,2021-10-19 06:00:00
1.772269957,2021-10-19 07:00:00
1.831617674,2021-10-19 08:00:00
2.851666824,2021-10-19 09:00:00
3.121622166,2021-10-19 10:00:00
3.445984861,2021-10-19 11:00:00
3.555657302,2021-10-19 12:00:00
3.163058837,2021-10-19 13:00:00
3.222099992,2021-10-19 14:00:00
2.294824337,2021-10-19 15:00:00
2.137224102,2021-10-19 16:00:00
2.606626616,2021-10-19 17:00:00
3.293468606,2021-10-19 18:00:00
3.928527553,2021-10-19 19:00:00
3.947120639,2021-10-19 20:00:00
3.74818675,2021-10-19 21:00:00
3.426896615,2021-10-19 22:00:00
3.528788735,2021-10-19 23:00:00
3.296203933,2021-10-20 00:00:00
3.172217294,2021-10-20 01:00:00
3.095760392,2021-10-20 02:00:00
2.862562345,2021-10-20 03:00:00
2.867418217,2021-10-20 04:00:00
2.534134729,2021-10-20 05:00:00
2.933021034,2021-10-20 06:00:00
2.820685002,2021-10-20 07:00:00
3.27820873,2021-10-20 08:00:00
3.164734631,2021-10-20 09:00:00
2.54758929,2021-10-20 10:00:00
2.511601778,2021-10-20 11:00:00
2.61395924,2021-10-20 12:00:00
2.554248712,2021-10-20 13:00:00
2.591402391,2021-10-20 14:00:00
2.113664959,2021-10-20 15:00:00
2.030517613,2021-10-20 16:00:00
1.141068336,2021-10-20 17:00:00
1.180710586,2021-10-20 18:00:00
1.421051768,2021-10-20 19:00:00
1.851479696,2021-10-20 20:00:00
2.166052171,2021-10-20 21:00:00
2.391463457,2021-10-20 22:00:00
2.583741433,2021-10-20 23:00:00
3.071294476,2021-10-21 00:00:00
3.140625494,2021-10-21 01:00:00
3.148434717,2021-10-21 02:00:00
3.039517148,2021-10-21 03:00:00
2.897744781,2021-10-21 04:00:00
2.581371146,2021-10-21 05:00:00
2.680819193,2021-10-21 06:00:00
2.588845237,2021-10-21 07:00:00
3.019981671,2021-10-21 08:00:00
3.284187539,2021-10-21 09:00:00
3.338457923,2021-10-21 10:00:00
3.463731268,2021-10-21 11:00:00
3.642963199,2021-10-21 12:00:00
3.930468679,2021-10-21 13:00:00
4.090383533,2021-10-21 14:00:00
3.707124213,2021-10-21 15:00:00
3.594113864,2021-10-21 16:00:00
2.745118437,2021-10-21 17:00:00
2.261152791,2021-10-21 18:00:00
1.953302961,2021-10-21 19:00:00
1.835444365,2021-10-21 20:00:00
1.857675266,2021-10-21 21:00:00
1.805052076,2021-10-21 22:00:00
1.875073151,2021-10-21 23:00:00
2.191312192,2021-10-22 00:00:00
2.287588079,2021-10-22 01:00:00
2.302793711,2021-10-22 02:00:00
2.243416082,2021-10-22 03:00:00
2.129973432,2021-10-22 04:00:00
2.127118492,2021-10-22 05:00:00
2.596969436,2021-10-22 06:00:00
2.657938705,2021-10-22 07:00:00
2.73528265,2021-10-22 08:00:00
3.097830749,2021-10-22 09:00:00
3.130755234,2021-10-22 10:00:00
3.114667041,2021-10-22 11:00:00
3.217605862,2021-10-22 12:00:00
3.291308385,2021-10-22 13:00:00
3.280341351,2021-10-22 14:00:00
2.778074776,2021-10-22 15:00:00
1.658419094,2021-10-22 16:00:00
2.466848522,2021-10-22 17:00:00
2.49795589,2021-10-22 18:00:00
2.717473984,2021-10-22 19:00:00
2.590347148,2021-10-22 20:00:00
2.708048676,2021-10-22 21:00:00
2.666943718,2021-10-22 22:00:00
2.614383921,2021-10-22 23:00:00
2.539890384,2021-10-23 00:00:00
2.119982208,2021-10-23 01:00:00
1.9318511,2021-10-23 02:00:00
1.892741559,2021-10-23 03:00:00
1.857106696,2021-10-23 04:00:00
2.3813509,2021-10-23 05:00:00
1.613208099,2021-10-23 06:00:00
1.761616369,2021-10-23 07:00:00
1.807729677,2021-10-23 08:00:00
2.217125593,2021-10-23 09:00:00
2.605156152,2021-10-23 10:00:00
2.498045086,2021-10-23 11:00:00
2.411114688,2021-10-23 12:00:00
2.432158444,2021-10-23 13:00:00
2.422508072,2021-10-23 14:00:00
2.044410573,2021-10-23 15:00:00
1.752357748,2021-10-23 16:00:00
2.15261291,2021-10-23 17:00:00
2.211673486,2021-10-23 18:00:00
1.90753834,2021-10-23 19:00:00
1.903566474,2021-10-23 20:00:00
2.032717523,2021-10-23 21:00:00
2.418202905,2021-10-23 22:00:00
2.519842802,2021-10-23 23:00:00
2.228669219,2021-10-24 00:00:00
1.977266443,2021-10-24 01:00:00
1.83287156,2021-10-24 02:00:00
1.706644241,2021-10-24 03:00:00
1.684747417,2021-10-24 04:00:00
1.474441449,2021-10-24 05:00:00
1.867834506,2021-10-24 06:00:00
1.717526742,2021-10-24 07:00:00
1.645406668,2021-10-24 08:00:00
1.603960517,2021-10-24 09:00:00
1.206480847,2021-10-24 10:00:00
0.662045433,2021-10-24 11:00:00
1.015989613,2021-10-24 12:00:00
1.282160694,2021-10-24 13:00:00
1.791888638,2021-10-24 14:00:00
1.77167116,2021-10-24 15:00:00
1.623784257,2021-10-24 16:00:00
2.058876015,2021-10-24 17:00:00
1.991767426,2021-10-24 18:00:00
2.180355796,2021-10-24 19:00:00
2.36551857,2021-10-24 20:00:00
2.547575046,2021-10-24 21:00:00
2.448329304,2021-10-24 22:00:00
2.285903828,2021-10-24 23:00:00
1.925373212,2021-10-25 00:00:00
1.668042161,2021-10-25 01:00:00
1.51597703,2021-10-25 02:00:00
1.596984852,2021-10-25 03:00:00
1.550252696,2021-10-25 04:00:00
1.927372815,2021-10-25 05:00:00
1.469372692,2021-10-25 06:00:00
0.965870953,2021-10-25 07:00:00
1.310062674,2021-10-25 08:00:00
1.209155094,2021-10-25 09:00:00
1.172993967,2021-10-25 10:00:00
1.489269694,2021-10-25 11:00:00
1.899280944,2021-10-25 12:00:00
1.944868866,2021-10-25 13:00:00
1.844617573,2021-10-25 14:00:00
1.28847684,2021-10-25 15:00:00
1.570312339,2021-10-25 16:00:00
1.170923711,2021-10-25 17:00:00
2.03173899,2021-10-25 18:00:00
1.942586196,2021-10-25 19:00:00
2.232028347,2021-10-25 20:00:00
2.292295958,2021-10-25 21:00:00
2.33458613,2021-10-25 22:00:00
2.014591236,2021-10-25 23:00:00
1.794236209,2021-10-26 00:00:00
1.93880549,2021-10-26 01:00:00
2.157732787,2021-10-26 02:00:00
2.164363198,2021-10-26 03:00:00
1.902101291,2021-10-26 04:00:00
1.765825957,2021-10-26 05:00:00
2.444653489,2021-10-26 06:00:00
2.456732332,2021-10-26 07:00:00
2.580086302,2021-10-26 08:00:00
2.768782779,2021-10-26 09:00:00
2.841412841,2021-10-26 10:00:00
2.553984252,2021-10-26 11:00:00
1.987593045,2021-10-26 12:00:00
1.299422357,2021-10-26 13:00:00
0.643754101,2021-10-26 14:00:00
0.259218979,2021-10-26 15:00:00
1.429043239,2021-10-26 16:00:00
1.634385034,2021-10-26 17:00:00
1.807085796,2021-10-26 18:00:00
2.108893699,2021-10-26 19:00:00
2.117973057,2021-10-26 20:00:00
1.863497855,2021-10-26 21:00:00
1.627315363,2021-10-26 22:00:00
1.200824894,2021-10-26 23:00:00
1.253225869,2021-10-27 00:00:00
0.944355422,2021-10-27 01:00:00
1.11006995,2021-10-27 02:00:00
1.407084226,2021-10-27 03:00:00
1.490496897,2021-10-27 04:00:00
1.350983459,2021-10-27 05:00:00
1.766927834,2021-10-27 06:00:00
1.784222743,2021-10-27 07:00:00
1.801872162,2021-10-27 08:00:00
2.497587295,2021-10-27 09:00:00
3.096759346,2021-10-27 10:00:00
2.996321586,2021-10-27 11:00:00
2.781346297,2021-10-27 12:00:00
2.752794215,2021-10-27 13:00:00
2.662720066,2021-10-27 14:00:00
2.17315928,2021-10-27 15:00:00
1.735856275,2021-10-27 16:00:00
1.960057071,2021-10-27 17:00:00
2.280496887,2021-10-27 18:00:00
2.035109762,2021-10-27 19:00:00
2.04511801,2021-10-27 20:00:00
2.633846782,2021-10-27 21:00:00
2.793229528,2021-10-27 22:00:00
2.41620982,2021-10-27 23:00:00
2.090569706,2021-10-28 00:00:00
1.987519596,2021-10-28 01:00:00
1.881078724,2021-10-28 02:00:00
1.9272697,2021-10-28 03:00:00
2.073903233,2021-10-28 04:00:00
2.214612667,2021-10-28 05:00:00
2.322001485,2021-10-28 06:00:00
2.204873893,2021-10-28 07:00:00
2.436396857,2021-10-28 08:00:00
2.698608823,2021-10-28 09:00:00
2.480657421,2021-10-28 10:00:00
2.302660201,2021-10-28 11:00:00
2.26386652,2021-10-28 12:00:00
2.303946451,2021-10-28 13:00:00
2.446129198,2021-10-28 14:00:00
2.085310381,2021-10-28 15:00:00
2.062801259,2021-10-28 16:00:00
2.504360186,2021-10-28 17:00:00
2.559485183,2021-10-28 18:00:00
2.45714777,2021-10-28 19:00:00
2.513092242,2021-10-28 20:00:00
2.415046504,2021-10-28 21:00:00
2.055102137,2021-10-28 22:00:00
1.884421469,2021-10-28 23:00:00
1.983677707,2021-10-29 00:00:00
1.91255686,2021-10-29 01:00:00
2.225058709,2021-10-29 02:00:00
2.474709426,2021-10-29 03:00:00
2.366884032,2021-10-29 04:00:00
2.429007358,2021-10-29 05:00:00
1.648281542,2021-10-29 06:00:00
1.688041412,2021-10-29 07:00:00
1.642173682,2021-10-29 08:00:00
1.729081679,2021-10-29 09:00:00
1.304333816,2021-10-29 10:00:00
0.834028004,2021-10-29 11:00:00
0.631665627,2021-10-29 12:00:00
0.882128389,2021-10-29 13:00:00
1.446647635,2021-10-29 14:00:00
1.416267558,2021-10-29 15:00:00
1.876734535,2021-10-29 16:00:00
2.154424978,2021-10-29 17:00:00
2.111462741,2021-10-29 18:00:00
1.890932628,2021-10-29 19:00:00
1.881903833,2021-10-29 20:00:00
1.768078478,2021-10-29 21:00:00
1.622258119,2021-10-29 22:00:00
1.93888099,2021-10-29 23:00:00
2.079231148,2021-10-30 00:00:00
1.770767755,2021-10-30 01:00:00
1.912121253,2021-10-30 02:00:00
1.995389906,2021-10-30 03:00:00
1.547275531,2021-10-30 04:00:00
0.75321356,2021-10-30 05:00:00
0.285569737,2021-10-30 06:00:00
0.338270168,2021-10-30 07:00:00
0.491114369,2021-10-30 08:00:00
0.636165404,2021-10-30 09:00:00
0.694925123,2021-10-30 10:00:00
0.902049131,2021-10-30 11:00:00
1.079148093,2021-10-30 12:00:00
1.227973142,2021-10-30 13:00:00
1.2415849,2021-10-30 14:00:00
1.018102613,2021-10-30 15:00:00
1.922243243,2021-10-30 16:00:00
2.008696603,2021-10-30 17:00:00
2.223653342,2021-10-30 18:00:00
2.339483326,2021-10-30 19:00:00
2.640063157,2021-10-30 20:00:00
2.64965774,2021-10-30 21:00:00
2.322209706,2021-10-30 22:00:00
2.419451295,2021-10-30 23:00:00
2.515381014,2021-10-31 00:00:00
2.070432979,2021-10-31 01:00:00
2.154129964,2021-10-31 02:00:00
2.558120129,2021-10-31 03:00:00
2.399380094,2021-10-31 04:00:00
1.787710617,2021-10-31 05:00:00
1.246817426,2021-10-31 06:00:00
1.461616218,2021-10-31 07:00:00
1.287786153,2021-10-31 08:00:00
1.734257942,2021-10-31 09:00:00
2.19780954,2021-10-31 10:00:00
2.353592983,2021-10-31 11:00:00
2.284555714,2021-10-31 12:00:00
1.882614262,2021-10-31 13:00:00
1.809570037,2021-10-31 14:00:00
1.136569064,2021-10-31 15:00:00
2.161379072,2021-10-31 16:00:00
2.156320843,2021-10-31 17:00:00
2.303923471,2021-10-31 18:00:00
2.690719569,2021-10-31 19:00:00
2.45569899,2021-10-31 20:00:00
2.35193171,2021-10-31 21:00:00
2.517485038,2021-10-31 22:00:00
1.9900038,2021-10-31 23:00:00
1.92446108,2021-11-01 00:00:00
1.725312387,2021-11-01 01:00:00
1.63291604,2021-11-01 02:00:00
1.557715742,2021-11-01 03:00:00
2.077460435,2021-11-01 04:00:00
2.561750142,2021-11-01 05:00:00
1.629501537,2021-11-01 06:00:00
1.539048538,2021-11-01 07:00:00
0.992856806,2021-11-01 08:00:00
1.171468551,2021-11-01 09:00:00
2.087442232,2021-11-01 10:00:00
2.318083109,2021-11-01 11:00:00
2.317645341,2021-11-01 12:00:00
2.672672571,2021-11-01 13:00:00
2.614146172,2021-11-01 14:00:00
2.197275476,2021-11-01 15:00:00
2.633707315,2021-11-01 16:00:00
3.039864754,2021-11-01 17:00:00
3.561176171,2021-11-01 18:00:00
3.717984206,2021-11-01 19:00:00
3.301574004,2021-11-01 20:00:00
3.622062782,2021-11-01 21:00:00
3.638957754,2021-11-01 22:00:00
3.633400333,2021-11-01 23:00:00
